hostUniprotID	hostGeneName	hostProteinName
Q06330	RBPJ	Recombining binding protein suppressor of hairless
Q92985-1	Irf7	Interferon regulatory factor 7
O75323	NIPSNAP2	Protein NipSnap homolog 2
Q15773	MLF2	Myeloid leukemia factor 2
Q9HAV7	GRPEL1	GrpE protein homolog 1, mitochondrial
O60812	HNRNPCL1	Heterogeneous nuclear ribonucleoprotein C-like 1
O95816	BAG2	BAG family molecular chaperone regulator 2
O60831	PRAF2	PRA1 family protein 2
Q9UI14	RABAC1	Prenylated Rab acceptor protein 1
O75953	DNAJB5	DnaJ homolog subfamily B member 5
Q14257	RCN2	Reticulocalbin-2
Q9BPW8	NIPSNAP1	Protein NipSnap homolog 1
P05165	PCCA	Propionyl-CoA carboxylase alpha chain, mitochondrial
Q7Z4N8	P4HA3	Prolyl 4-hydroxylase subunit alpha-3
Q86UA1	PRPF39	Pre-mRNA-processing factor 39
O00165	HAX1	HCLS1-associated protein X-1
P05166	PCCB	Propionyl-CoA carboxylase beta chain, mitochondrial
Q5W0B1	OBI1	ORC ubiquitin ligase 1
Q9Y305	ACOT9	Acyl-coenzyme A thioesterase 9, mitochondrial
Q16527	CSRP2	Cysteine and glycine-rich protein 2
Q92522	H1-10	Histone H1.10
Q13151	HNRNPA0	Heterogeneous nuclear ribonucleoprotein A0
Q3ZCQ8	TIMM50	Mitochondrial import inner membrane translocase subunit TIM50
O76031	clpX	ATP-dependent clpX-like chaperone, mitochondrial
Q9ULX6	AKAP8L	A-kinase anchor protein 8-like
Q8TED1	GPX8	Probable glutathione peroxidase 8
Q9P0P0	RNF181	E3 ubiquitin-protein ligase RNF181
Q8N726	CDKN2A	Tumor suppressor ARF
Q9UDY4	DNAJB4	DnaJ homolog subfamily B member 4
Q9Y2G8	DNAJC16	DnaJ homolog subfamily C member 16
Q9NXH8	TOR4A	Torsin-4A
Q9UJ70	NAGK	N-acetyl-D-glucosamine kinase
P35080	PFN2	Profilin-2
O75688	PPM1B	Protein phosphatase 1B
Q92616	GCN1	Stalled ribosome sensor GCN1
P12236	SLC25A6	ADP/ATP translocase 3
Q99729	HNRNPAB	Heterogeneous nuclear ribonucleoprotein A/B
Q15293	RCN1	Reticulocalbin-1
Q8NC54	KCT2	Keratinocyte-associated transmembrane protein 2
Q9UL15	BAG5	BAG family molecular chaperone regulator 5
Q9UJY1	HSPB8	Heat shock protein beta-8
P28300	LOX	Protein-lysine 6-oxidase
P62699	Ypel5	Protein yippee-like 5
P47756	CAPZB	F-actin-capping protein subunit beta
O00483	NDUFA4	Cytochrome c oxidase subunit NDUFA4
Q9Y5M8	SRPRB	Signal recognition particle receptor subunit beta
Q15628	TRADD	Tumor necrosis factor receptor type 1-associated DEATH domain protein
P40938	RFC3	Replication factor C subunit 3
P47897	QARS1	Glutamine--tRNA ligase
P26599	PTBP1	Polypyrimidine tract-binding protein 1
Q04837	SSBP1	Single-stranded DNA-binding protein, mitochondrial
O75190	DNAJB6	DnaJ homolog subfamily B member 6
O15460	P4HA2	Prolyl 4-hydroxylase subunit alpha-2
O43592	XPOT	Exportin-T
Q8IZ07	ANKRD13A	Ankyrin repeat domain-containing protein 13A
Q8NBM4	UBAC2	Ubiquitin-associated domain-containing protein 2
Q9BQB6	VKORC1	Vitamin K epoxide reductase complex subunit 1
Q9Y6N5	SQOR	"""Sulfide:quinone oxidoreductase, mitochondrial"""
Q9NR12	PDLIM7	PDZ and LIM domain protein 7
Q15629	TRAM1	Translocating chain-associated membrane protein 1
P56524	HDAC4	Histone deacetylase 4
Q15326	ZMYND11	Zinc finger MYND domain-containing protein 11
P00367	GLUD1	Glutamate dehydrogenase 1, mitochondrial
Q07955	SRSF1	Serine/arginine-rich splicing factor 1
P08107	HSPA1A	Heat shock 70 kDa protein 1A/1B
P08579	SNRPB2	U2 small nuclear ribonucleoprotein B''
Q01105	SET	Protein SET
P52907	CAPZA1	F-actin-capping protein subunit alpha-1
O43390	HNRNPR	Heterogeneous nuclear ribonucleoprotein R
Q9H5V8	CDCP1	CUB domain-containing protein 1
Q15012	LAPTM4A	Lysosomal-associated transmembrane protein 4A
O15260	SURF4	Surfeit locus protein 4
Q8TF42	UBASH3B	Ubiquitin-associated and SH3 domain-containing protein B
P27352	CBLIF	Cobalamin binding intrinsic factor
P50402	EMD	Emerin
Q9UKE5	TNIK	TRAF2 and NCK-interacting protein kinase
Q9NYJ8	TAB2	TGF-beta-activated kinase 1 and MAP3K7-binding protein 2
P82650	MRPS22	Small ribosomal subunit protein mS22
Q9Y6C9	MTCH2	Mitochondrial carrier homolog 2
Q6UB35	MTHFD1L	Monofunctional C1-tetrahydrofolate synthase, mitochondrial
Q9Y676	MRPS18B	Small ribosomal subunit protein mS40
P08962	CD63	CD63 antigen
P30050	RPL12	Large ribosomal subunit protein uL11
P25685	DNAJB1	DnaJ homolog subfamily B member 1
P14868	DARS1	Aspartate--tRNA ligase, cytoplasmic
P27635	RPL10	Large ribosomal subunit protein uL16
Q8NC51	SERBP1	SERPINE1 mRNA-binding protein 1
Q92841	DDX17	Probable ATP-dependent RNA helicase DDX17
Q14103	HNRNPD	Heterogeneous nuclear ribonucleoprotein D0
O76021	RSL1D1	Ribosomal L1 domain-containing protein 1
Q9Y5V3	MAGED1	Melanoma-associated antigen D1
O60494	CUBN	Cubilin
Q96CS3	FAF2	FAS-associated factor 2
P61289	PSME3	Proteasome activator complex subunit 3
O95456	PSMG1	Proteasome assembly chaperone 1
Q9H0E2	TOLLIP	Toll-interacting protein
Q5JTV8	TOR1AIP1	Torsin-1A-interacting protein 1
O95817	BAG3	BAG family molecular chaperone regulator 3
P13674	P4HA1	Prolyl 4-hydroxylase subunit alpha-1
P51911	CNN1	Calponin-1
Q00341	HDLBP	Vigilin
Q8IY17	PNPLA6	Patatin-like phospholipase domain-containing protein 6
Q96B97	SH3KBP1	SH3 domain-containing kinase-binding protein 1
Q9H270	VPS11	Vacuolar protein sorting-associated protein 11 homolog
P61981	YWHAG	14-3-3 protein gamma
P52294	KPNA1	Importin subunit alpha-5
Q13416	ORC2	Origin recognition complex subunit 2
P35869	Ahr	Aryl hydrocarbon receptor
Q15366	PCBP2	"""Poly(rC)-binding protein 2"""
Q07666	KHDRBS1	KH domain-containing, RNA-binding, signal transduction-associated protein 1
P55735	SEC13	Protein SEC13 homolog
Q13576	IQGAP2	Ras GTPase-activating-like protein IQGAP2
P30530	AXL	Tyrosine-protein kinase receptor UFO
Q06323	PSME1	Proteasome activator complex subunit 1
O60493	SNX3	Sorting nexin-3
Q9H0M0	WWP1	NEDD4-like E3 ubiquitin-protein ligase WWP1
Q9Y4F1	FARP1	FERM, ARHGEF and pleckstrin domain-containing protein 1
Q9Y6M1	IGF2BP2	Insulin-like growth factor 2 mRNA-binding protein 2
O60684	KPNA6	Importin subunit alpha-7
Q3KQU3	MAP7D1	MAP7 domain-containing protein 1
Q8IYB3	SRRM1	Serine/arginine repetitive matrix protein 1
O75165	Dnajc13	DnaJ homolog subfamily C member 13
P34932	HSPA4	Heat shock 70 kDa protein 4
Q63ZY3	KANK2	KN motif and ankyrin repeat domain-containing protein 2
Q8N163	CCAR2	Cell cycle and apoptosis regulator protein 2
Q32P28	P3H1	Prolyl 3-hydroxylase 1
O14920	IKBKB	Inhibitor of nuclear factor kappa-B kinase subunit beta
P19784	CSNK2A2	Casein kinase II subunit alpha'
Q15554	TERF2	Telomeric repeat-binding factor 2
Q9BQA1	WDR77	Methylosome protein WDR77
Q13435	SF3B2	Splicing factor 3B subunit 2
P52272	HNRNPM	Heterogeneous nuclear ribonucleoprotein M
P04792	HSPB1	Heat shock protein beta-1
O15027	SEC16A	Protein transport protein Sec16A
P23246	SFPQ	Splicing factor, proline- and glutamine-rich
Q8N1F7	NUP93	Nuclear pore complex protein Nup93
P55884	EIF3B	Eukaryotic translation initiation factor 3 subunit B
P55060	CSE1L	Exportin-2
O60506	SYNCRIP	Heterogeneous nuclear ribonucleoprotein Q
P62316	SNRPD2	Small nuclear ribonucleoprotein Sm D2
Q9GZU8	PSME3IP1	PSME3-interacting protein
Q7Z4F1	LRP10	Low-density lipoprotein receptor-related protein 10
Q96N66	MBOAT7	Membrane-bound acylglycerophosphatidylinositol O-acyltransferase MBOAT7
P28065	PSMB9	Proteasome subunit beta type-9
Q9UL46	PSME2	Proteasome activator complex subunit 2
O15269	SPTLC1	Serine palmitoyltransferase 1
O60565	GREM1	Gremlin-1
P52926	Hmga2	High mobility group protein HMGI-C
Q5SSJ5	HP1BP3	Heterochromatin protein 1-binding protein 3
Q9NZI8	IGF2BP1	Insulin-like growth factor 2 mRNA-binding protein 1
O00425	IGF2BP3	Insulin-like growth factor 2 mRNA-binding protein 3
Q9NUQ6	SPATS2L	SPATS2-like protein
Q96SB4	SRPK1	SRSF protein kinase 1
P78362	SRPK2	SRSF protein kinase 2
Q13114	TRAF3	TNF receptor-associated factor 3
O43318	MAP3K7	Mitogen-activated protein kinase kinase kinase 7
O00203	AP3B1	AP-3 complex subunit beta-1
P01106	MYC	Myc proto-oncogene protein
Q92878	RAD50	DNA repair protein RAD50
Q9Y265	RUVBL1	RuvB-like 1
P61978	HNRNPK	Heterogeneous nuclear ribonucleoprotein K
P07195	LDHB	L-lactate dehydrogenase B chain
P35268	RPL22	Large ribosomal subunit protein eL22
Q12906	ILF3	Interleukin enhancer-binding factor 3
Q15233	NONO	Non-POU domain-containing octamer-binding protein
P41252	IARS1	Isoleucine--tRNA ligase, cytoplasmic
P09619	PDGFRB	Platelet-derived growth factor receptor beta
P28062	PSMB8	Proteasome subunit beta type-8
Q14997	PSME4	Proteasome activator complex subunit 4
Q16739	UGCG	Ceramide glucosyltransferase
Q8N474	SFRP1	Secreted frizzled-related protein 1
P38936	CDKN1A	Cyclin-dependent kinase inhibitor 1
Q9UNE7	STUB1	E3 ubiquitin-protein ligase CHIP
Q12797	ASPH	Aspartyl/asparaginyl beta-hydroxylase
P16615	ATP2A2	Sarcoplasmic/endoplasmic reticulum calcium ATPase 2
O60716	CTNND1	Catenin delta-1
Q9UQ35	SRRM2	Serine/arginine repetitive matrix protein 2
Q9Y230	RUVBL2	RuvB-like 2
P42704	LRPPRC	Leucine-rich PPR motif-containing protein, mitochondrial
P68363	TUBA1B	Tubulin alpha-1B chain
P09012	SNRPA	U1 small nuclear ribonucleoprotein A
Q07020	RPL18	Large ribosomal subunit protein eL18
P46934	NEDD4	E3 ubiquitin-protein ligase NEDD4
Q99623	PHB2	Prohibitin-2
P55036	PSMD4	26S proteasome non-ATPase regulatory subunit 4
P37173	TGFBR2	TGF-beta receptor type-2
O95793	STAU1	Double-stranded RNA-binding protein Staufen homolog 1
P27816	Map4	Microtubule-associated protein 4
Q9NQC3	RTN4	Reticulon-4
Q07021	C1QBP	Complement component 1 Q subcomponent-binding protein, mitochondrial
P63279	UBE2I	SUMO-conjugating enzyme UBC9
P19338	NCL	Nucleolin
Q14315	FLNC	Filamin-C
P62899	RPL31	Large ribosomal subunit protein eL31
P06493	CDK1	Cyclin-dependent kinase 1
O95071	UBR5	E3 ubiquitin-protein ligase UBR5
P32969	RPL9	Large ribosomal subunit protein uL6
P16402	H1-3	Histone H1.3
P11279	LAMP1	Lysosome-associated membrane glycoprotein 1
P67870	CSNK2B	Casein kinase II subunit beta
Q99873	PRMT1	Protein arginine N-methyltransferase 1
Q6NZI2	CAVIN1	Caveolae-associated protein 1
P62891	RPL39	Large ribosomal subunit protein eL39
P10909	CLU	Clusterin
Q9NZM1	Myof	Myoferlin
P06756	ITGAV	Integrin alpha-V
Q7KZF4	SND1	Staphylococcal nuclease domain-containing protein 1
Q93008	USP9X	Ubiquitin carboxyl-terminal hydrolase 9X
P62266	RPS23	Small ribosomal subunit protein uS12
P28072	PSMB6	Proteasome subunit beta type-6
P07437	TUBB	Tubulin beta chain
P09651	Hnrnpa1	Heterogeneous nuclear ribonucleoprotein A1
P62249	RPS16	Small ribosomal subunit protein uS9
P07814	EPRS1	Bifunctional glutamate/proline--tRNA ligase
P62829	RPL23	Large ribosomal subunit protein uL14
P17844	DDX5	Probable ATP-dependent RNA helicase DDX5
P18621	RPL17	Large ribosomal subunit protein uL22
P62241	RPS8	Small ribosomal subunit protein eS8
Q96PU5	NEDD4L	E3 ubiquitin-protein ligase NEDD4-like
P61513	RPL37A	Large ribosomal subunit protein eL43
P23497	SP100	Nuclear autoantigen Sp-100
Q93009	USP7	Ubiquitin carboxyl-terminal hydrolase 7
P62269	RPS18	Small ribosomal subunit protein uS13
P18124	RPL7	Large ribosomal subunit protein uL30
P15880	RPS2	Small ribosomal subunit protein uS5
P08708	RPS17	Small ribosomal subunit protein eS17
P35998	PSMC2	26S proteasome regulatory subunit 7
P62277	RPS13	Small ribosomal subunit protein uS15
Q08211	DHX9	ATP-dependent RNA helicase A
Q96J02	ITCH	E3 ubiquitin-protein ligase Itchy homolog
P16070	CD44	CD44 antigen
O15031	PLXNB2	Plexin-B2
P62333	PSMC6	26S proteasome regulatory subunit 10B
O00487	PSMD14	26S proteasome non-ATPase regulatory subunit 14
Q15008	PSMD6	26S proteasome non-ATPase regulatory subunit 6
P51665	PSMD7	26S proteasome non-ATPase regulatory subunit 7
P48556	PSMD8	26S proteasome non-ATPase regulatory subunit 8
O00308	WWP2	NEDD4-like E3 ubiquitin-protein ligase WWP2
Q02809	PLOD1	Procollagen-lysine,2-oxoglutarate 5-dioxygenase 1
P46778	RPL21	Large ribosomal subunit protein eL21
P49207	RPL34	Large ribosomal subunit protein eL34
P42766	RPL35	Large ribosomal subunit protein uL29
Q92900	UPF1	Regulator of nonsense transcripts 1
P07237	P4HB	Protein disulfide-isomerase
P12004	PCNA	Proliferating cell nuclear antigen
P40429	Rpl13a	Large ribosomal subunit protein uL13
P27708	CAD	Multifunctional protein CAD
P26373	RPL13	Large ribosomal subunit protein eL13
O75533	SF3B1	Splicing factor 3B subunit 1
P62424	RPL7A	Large ribosomal subunit protein eL8
P61247	RPS3A	Small ribosomal subunit protein eS1
P62917	RPL8	Large ribosomal subunit protein uL2
P62753	RPS6	Small ribosomal subunit protein eS6
Q00839	HNRNPU	Heterogeneous nuclear ribonucleoprotein U
P22626	HNRNPA2B1	Heterogeneous nuclear ribonucleoproteins A2/B1
P46781	RPS9	Small ribosomal subunit protein uS4
P13010	XRCC5	X-ray repair cross-complementing protein 5
P98194	ATP2C1	Calcium-transporting ATPase type 2C member 1
P25788	PSMA3	Proteasome subunit alpha type-3
P60900	PSMA6	Proteasome subunit alpha type-6
O14818	PSMA7	Proteasome subunit alpha type-7
P49721	PSMB2	Proteasome subunit beta type-2
P49720	PSMB3	Proteasome subunit beta type-3
P28070	PSMB4	Proteasome subunit beta type-4
P28074	PSMB5	Proteasome subunit beta type-5
Q99436	PSMB7	Proteasome subunit beta type-7
P62191	PSMC1	26S proteasome regulatory subunit 4
P17980	PSMC3	26S proteasome regulatory subunit 6A
P43686	PSMC4	26S proteasome regulatory subunit 6B
P62195	PSMC5	26S proteasome regulatory subunit 8
O43242	PSMD3	26S proteasome non-ATPase regulatory subunit 3
P46779	RPL28	Large ribosomal subunit protein eL28
P39023	RPL3	Large ribosomal subunit protein uL3
P62847	RPS24	Small ribosomal subunit protein eS24
Q13200	PSMD2	26S proteasome non-ATPase regulatory subunit 2
P62807	H2BC10	Histone H2B type 1-C/E/F/G/I
Q14517	FAT1	Protocadherin Fat 1
P25786	PSMA1	Proteasome subunit alpha type-1
P25787	PSMA2	Proteasome subunit alpha type-2
P25789	PSMA4	Proteasome subunit alpha type-4
P28066	PSMA5	Proteasome subunit alpha type-5
P20618	PSMB1	Proteasome subunit beta type-1
Q99460	PSMD1	26S proteasome non-ATPase regulatory subunit 1
P62081	RPS7	Small ribosomal subunit protein eS7
P07858	CTSB	Cathepsin B
O75643	SNRNP200	U5 small nuclear ribonucleoprotein 200 kDa helicase
P68400	CSNK2A1	Casein kinase II subunit alpha
P11021	HSPA5	Endoplasmic reticulum chaperone BiP
Q00610	CLTC	Clathrin heavy chain 1
P10809	HSPD1	60 kDa heat shock protein, mitochondrial
Q6P2Q9	PRPF8	Pre-mRNA-processing-splicing factor 8
P11142	HSPA8	Heat shock cognate 71 kDa protein
Q9GZX7	AICDA	Single-stranded DNA cytosine deaminase
P31941	APOBEC3A	DNA dC->dU-editing enzyme APOBEC-3A
Q9H668	stn1	CST complex subunit STN1
P13987	CD59	CD59 glycoprotein
Q9HC16	APOBEC3G	DNA dC->dU-editing enzyme APOBEC-3G
P09493	TPM1	Tropomyosin alpha-1 chain
Q16531	DDB1	DNA damage-binding protein 1
Q13309	SKP2	S-phase kinase-associated protein 2
Q13619	CUL4A	Cullin-4A
Q05086	UBE3A	Ubiquitin-protein ligase E3A
Q53FP2	TMEM35A	Novel acetylcholine receptor chaperone
Q5RI15	COX20	Cytochrome c oxidase assembly protein COX20, mitochondrial
O60885-1	Brd4	Bromodomain-containing protein 4
Q12824-1	SMARCB1	SWI/SNF-related matrix-associated actin-dependent regulator of chromatin subfamily B member 1
Q9BVG9	PTDSS2	Phosphatidylserine synthase 2
Q5HYI8	RABL3	Rab-like protein 3
Q9H061	TMEM126A	Transmembrane protein 126A
Q8WZ71	TMEM158	Transmembrane protein 158
Q7Z7N9	TMEM179B	Transmembrane protein 179B
Q6ZT21	TMPPE	Transmembrane protein with metallophosphoesterase domain
Q8WUY1	Them6	Protein THEM6
Q9UBU6	FAM8A1	Protein FAM8A1
Q14439	GPR176	G-protein coupled receptor 176
Q567V2	MPV17L2	Mpv17-like protein 2
P84157	MXRA7	Matrix-remodeling-associated protein 7
Q9BWM7	SFXN3	Sideroflexin-3
Q96K37	SLC35E1	Solute carrier family 35 member E1
Q9BVC6	TMEM109	Voltage-gated monoatomic cation channel TMEM109
Q9NVA4	TMEM184C	Transmembrane protein 184C
Q8N4L2	Pip4p2	Type 2 phosphatidylinositol 4,5-bisphosphate 4-phosphatase
Q96SL1	SLC49A4	Solute carrier family 49 member 4
Q96AM1	MRGPRF	Mas-related G-protein coupled receptor member F
Q9NRP0	OSTC	Oligosaccharyltransferase complex subunit OSTC
Q9HCU5	PREB	Guanine nucleotide-exchange factor SEC12
P53801	PTTG1IP	Pituitary tumor-transforming gene 1 protein-interacting protein
Q96AA3	RFT1	"""Man(5)GlcNAc(2)-PP-dolichol translocation protein RFT1"""
Q969E2	SCAMP4	Secretory carrier-associated membrane protein 4
O15374	SLC16A4	Monocarboxylate transporter 5
Q6PML9	Slc30a9	Proton-coupled zinc antiporter SLC30A9, mitochondrial
Q8NHG7	SVIP	Small VCP/p97-interacting protein
O43759	SYNGR1	Synaptogyrin-1
Q9Y4P3	TBL2	Transducin beta-like protein 2
P21731	TBXA2R	Thromboxane A2 receptor
O15321	TM9SF1	Transmembrane 9 superfamily member 1
Q9BXJ8	TMEM120A	Transmembrane protein 120A
Q6UW68	TMEM205	Transmembrane protein 205
Q9HBM0	VEZT	Vezatin
Q9H2C2	ARV1	Protein ARV1
P30411	BDKRB2	B2 bradykinin receptor
O14735	CDIPT	CDP-diacylglycerol--inositol 3-phosphatidyltransferase
Q9NXW2	DNAJB12	DnaJ homolog subfamily B member 12
O94919	ENDOD1	Endonuclease domain-containing 1 protein
Q8N6M3	FITM2	Acyl-coenzyme A diphosphatase FITM2
Q9UJ14	GGT7	Glutathione hydrolase 7
Q9Y3E0	GOLT1B	Vesicle transport protein GOT1B
O60725	ICMT	Protein-S-isoprenylcysteine O-methyltransferase
Q70UQ0	IKBIP	Inhibitor of nuclear factor kappa-B kinase-interacting protein
Q96CX2	KCTD12	BTB/POZ domain-containing protein KCTD12
Q14165	MLEC	Malectin
P30559	OXTR	Oxytocin receptor
Q9BY21	GPR87	G-protein coupled receptor 87
P59190	Rab15	Ras-related protein Rab-15
O15173	PGRMC2	Membrane-associated progesterone receptor component 2
Q8IY26	PLPP6	Polyisoprenoid diphosphate/phosphate phosphohydrolase PLPP6
O15258	RER1	Protein RER1
Q96K19	RNF170	E3 ubiquitin-protein ligase RNF170
Q99500	S1PR3	Sphingosine 1-phosphate receptor 3
O75396	Sec22b	Vesicle-trafficking protein SEC22b
Q9UNL2	SSR3	Translocon-associated protein subunit gamma
Q6UWJ1	TMCO3	Transmembrane and coiled-coil domain-containing protein 3
Q9NVV0	TMEM38B	Trimeric intracellular cation channel type B
Q9BTV4	TMEM43	Transmembrane protein 43
Q15006	EMC2	ER membrane protein complex subunit 2
Q9BSR8	YIPF4	Protein YIPF4
O95674	CDS2	Phosphatidate cytidylyltransferase 2
P61803	DAD1	Dolichyl-diphosphooligosaccharide--protein glycosyltransferase subunit DAD1
Q9GZP9	DERL2	Derlin-2
Q9Y394	DHRS7	Dehydrogenase/reductase SDR family member 7
P48060	GLIPR1	Glioma pathogenesis-related protein 1
Q9NZH0	GPRC5B	G-protein coupled receptor family C group 5 member B
Q06136	KDSR	3-ketodihydrosphingosine reductase
Q9C0E8	LNPK	Endoplasmic reticulum junction formation protein lunapark
Q8IYS2	KIAA2013	Uncharacterized protein KIAA2013
O75438	NDUFB1	NADH dehydrogenase [ubiquinone] 1 beta subcomplex subunit 1
Q9NXS2	QPCTL	Glutaminyl-peptide cyclotransferase-like protein
Q00765	REEP5	Receptor expression-enhancing protein 5
Q96EY1-1	Dnaja3	DnaJ homolog subfamily A member 3, mitochondrial
O00264	PGRMC1	Membrane-associated progesterone receptor component 1
Q96S52	PIGS	GPI-anchor transamidase component PIGS
P23219	PTGS1	Prostaglandin G/H synthase 1
Q71UM5	RPS27L	Ribosomal protein eS27-like
Q96FQ6	S100A16	Protein S100-A16
Q9NTJ5	Sacm1l	Phosphatidylinositol-3-phosphatase SAC1
P60468	SEC61B	Protein transport protein Sec61 subunit beta
Q99442	SEC62	Translocation protein SEC62
Q8NEW0	SLC30A7	Zinc transporter 7
Q9H2V7	SPNS1	Protein spinster homolog 1
Q9HD45	TM9SF3	Transmembrane 9 superfamily member 3
Q9UM00	TMCO1	Calcium load-activated calcium channel
Q9NX61	TMEM161A	Transmembrane protein 161A
Q9BSA9	TMEM175	Endosomal/lysosomal proton channel TMEM175
P57088	TMEM33	Transmembrane protein 33
Q8N2K0	ABHD12	Lysophosphatidylserine lipase ABHD12
O95870	ABHD16A	Phosphatidylserine lipase ABHD16A
Q9BT22	ALG1	Chitobiosyldiphosphodolichol beta-mannosyltransferase
Q9NW15	Ano10	Anoctamin-10
Q6DD88	ATL3	Atlastin-3
O75964	ATP5MG	"""ATP synthase F(0) complex subunit g, mitochondrial"""
Q9HDC9	APMAP	Adipocyte plasma membrane-associated protein
Q5VV42	CDKAL1	Threonylcarbamoyladenosine tRNA methylthiotransferase
Q9Y6K0	CEPT1	Choline/ethanolaminephosphotransferase 1
Q7KZN9	COX15	Heme A synthase COX15
Q9NVH1	DNAJC11	DnaJ homolog subfamily C member 11
Q96PE1	ADGRA2	Adhesion G protein-coupled receptor A2
O95297	MPZL1	Myelin protein zero-like protein 1
Q6PIU2	NCEH1	Neutral cholesterol ester hydrolase 1
Q4ZIN3	TMEM259	Membralin
P37059	HSD17B2	17-beta-hydroxysteroid dehydrogenase type 2
Q9UHC7	MKRN1	E3 ubiquitin-protein ligase makorin-1
Q16831	UPP1	Uridine phosphorylase 1
Q14088	RAB33A	Ras-related protein Rab-33A
Q96EK4	THAP11	THAP domain-containing protein 11
Q9H0H3	KLHL25	Kelch-like protein 25
Q9NP81	SARS2	Serine--tRNA ligase, mitochondrial
P49458	SRP9	Signal recognition particle 9 kDa protein
Q5H8A4	PIGG	GPI ethanolamine phosphate transferase 2, catalytic subunit
Q8TEQ8	PIGO	GPI ethanolamine phosphate transferase 3, catalytic subunit
Q9H490	PIGU	GPI-anchor transamidase component PIGU
Q9P035	HACD3	"""Very-long-chain (3R)-3-hydroxyacyl-CoA dehydratase 3"""
Q9Y3E5	PTRH2	Peptidyl-tRNA hydrolase 2, mitochondrial
Q9NP72	RAB18	Ras-related protein Rab-18
Q14699	RFTN1	Raftlin
O15127	SCAMP2	Secretory carrier-associated membrane protein 2
O14828	SCAMP3	Secretory carrier-associated membrane protein 3
P67812	SEC11A	Signal peptidase complex catalytic subunit SEC11A
Q8NBJ9	Sidt2	SID1 transmembrane family member 2
Q8TB61	SLC35B2	Adenosine 3'-phospho 5'-phosphosulfate transporter 1
P51571	SSR4	Translocon-associated protein subunit delta
Q96BY9	SARAF	Store-operated calcium entry-associated regulatory factor
Q9Y320	TMX2	Thioredoxin-related transmembrane protein 2
Q96IX5	ATP5MK	"""ATP synthase F(0) complex subunit k, mitochondrial"""
Q5BJH7	YIF1B	Protein YIF1B
O75947	ATP5PD	ATP synthase peripheral stalk subunit d, mitochondrial
P00846	MT-ATP6	"""ATP synthase F(0) complex subunit a"""
O75110	ATP9A	Probable phospholipid-transporting ATPase IIA
Q96G23	CERS2	Ceramide synthase 2
P08172	CHRM2	Muscarinic acetylcholine receptor M2
Q14332	FZD2	Frizzled-2
O75084	FZD7	Frizzled-7
Q53GQ0	HSD17B12	Very-long-chain 3-oxoacyl-CoA reductase
P10620	MGST1	Microsomal glutathione S-transferase 1
Q13724	MOGS	Mannosyl-oligosaccharide glucosidase
Q9NVI7	ATAD3A	ATPase family AAA domain-containing protein 3A
Q92643	PIGK	GPI-anchor transamidase
P50479	PDLIM4	PDZ and LIM domain protein 4
Q15005	SPCS2	Signal peptidase complex subunit 2
Q9Y3D0	CIAO2B	Cytosolic iron-sulfur assembly component 2B
P24864	CCNE1	G1/S-specific cyclin-E1
Q13227	GPS2	G protein pathway suppressor 2
Q14209	E2F2	Transcription factor E2F2
Q4G0F5	VPS26B	Vacuolar protein sorting-associated protein 26B
Q9P0J7	KCMF1	E3 ubiquitin-protein ligase KCMF1
Q9BZG1	RAB34	Ras-related protein Rab-34
Q8IXI2	RHOT1	Mitochondrial Rho GTPase 1
Q8WVM8	SCFD1	Sec1 family domain-containing protein 1
Q9UGP8	SEC63	Translocation protein SEC63 homolog
P78381	SLC35A2	UDP-galactose translocator
P08240	SRPRA	Signal recognition particle receptor subunit alpha
Q9NZ01	TECR	Very-long-chain enoyl-CoA reductase
P42166	TMPO	Lamina-associated polypeptide 2, isoform alpha
Q9P0L0	VAPA	Vesicle-associated membrane protein-associated protein A
Q9GZM5	YIPF3	Protein YIPF3
Q8NBU5	ATAD1	Outer mitochondrial transmembrane helix translocase
P18859	ATP5PF	ATP synthase peripheral stalk subunit F6, mitochondrial
Q969X5	ERGIC1	Endoplasmic reticulum-Golgi intermediate compartment protein 1
A0FGR8	ESYT2	Extended synaptotagmin-2
Q96TC7	RMDN3	Regulator of microtubule dynamics protein 3
O94851	MICAL2	[F-actin]-monooxygenase MICAL2
Q9NX40	OCIAD1	OCIA domain-containing protein 1
Q96DZ1	ERLEC1	Endoplasmic reticulum lectin 1
Q01628	IFITM3	Interferon-induced transmembrane protein 3
Q9NZJ7	MTCH1	Mitochondrial carrier homolog 1
Q9NZV5	SELENON	Selenoprotein N
Q9UHR5	SAP30BP	SAP30-binding protein
Q9UNK0	STX8	Syntaxin-8
Q9Y2S7	POLDIP2	Polymerase delta-interacting protein 2
O14896	Irf6	Interferon regulatory factor 6
Q9Y244	POMP	Proteasome maturation protein
Q9Y3C4	TPRKB	EKC/KEOPS complex subunit TPRKB
O00716	E2F3	Transcription factor E2F3
O95967	EFEMP2	EGF-containing fibulin-like extracellular matrix protein 2
Q16254	E2F4	Transcription factor E2F4
Q08999	RBL2	Retinoblastoma-like protein 2
Q969N2	PIGT	GPI-anchor transamidase component PIGT
Q15165	PON2	Serum paraoxonase/arylesterase 2
Q8TC12	RDH11	Retinol dehydrogenase 11
Q9NRX5	SERINC1	Serine incorporator 1
Q9UP95	SLC12A4	Solute carrier family 12 member 4
Q96BI1	SLC67A1	Solute carrier family 67 member A1
Q12846	STX4	Syntaxin-4
Q9HC07	TMEM165	Putative divalent cation/proton antiporter TMEM165
Q96JJ7	TMX3	Protein disulfide-isomerase TMX3
P23510	TNFSF4	Tumor necrosis factor ligand superfamily member 4
Q5T9L3	WLS	Protein wntless homolog
P28288	ABCD3	ATP-binding cassette sub-family D member 3
O43306	ADCY6	Adenylate cyclase type 6
Q4KMQ2	ANO6	Anoctamin-6
Q9HD20	ATP13A1	Endoplasmic reticulum transmembrane helix translocase
Q08722	CD47	Leukocyte surface antigen CD47
O96005	CLPTM1	Putative lipid scramblase CLPTM1
Q14318	FKBP8	Peptidyl-prolyl cis-trans isomerase FKBP8
O60353	FZD6	Frizzled-6
O43292	GPAA1	GPI-anchor transamidase component GPAA1
Q8TCT9	HM13	Signal peptide peptidase
P28331	NDUFS1	NADH-ubiquinone oxidoreductase 75 kDa subunit, mitochondrial
Q96AQ6	PBXIP1	Pre-B-cell leukemia transcription factor-interacting protein 1
O95470	SGPL1	Sphingosine-1-phosphate lyase 1
Q6NUQ4	TMEM214	Transmembrane protein 214
O75762	TRPA1	Transient receptor potential cation channel subfamily A member 1
P09496	Clta	Clathrin light chain A
O95235	KIF20A	Kinesin-like protein KIF20A
Q96JC1	VPS39	Vam6/Vps39-like protein
Q8N1B4	VPS52	Vacuolar protein sorting-associated protein 52 homolog
Q9NQ31	AKIP1	A-kinase-interacting protein 1
Q14168	MPP2	MAGUK p55 subfamily member 2
O94842	TOX4	TOX high mobility group box family member 4
P28749	RBL1	Retinoblastoma-like protein 1
P55327	TPD52	Tumor protein D52
O95551	TDP2	Tyrosyl-DNA phosphodiesterase 2
Q9UBE0	SAE1	SUMO-activating enzyme subunit 1
Q96F44	TRIM11	E3 ubiquitin-protein ligase TRIM11
O43760	SYNGR2	Synaptogyrin-2
P32942	ICAM3	Intercellular adhesion molecule 3
Q9UHV2	SERTAD1	SERTA domain-containing protein 1
P09914	IFIT1	Antiviral innate immune response effector IFIT1
O96020	CCNE2	G1/S-specific cyclin-E2
P09543	CNP	2',3'-cyclic-nucleotide 3'-phosphodiesterase
Q13425	SNTB2	Beta-2-syntrophin
Q14192	FHL2	Four and a half LIM domains protein 2
O75436	VPS26A	Vacuolar protein sorting-associated protein 26A
Q15942	ZYX	Zyxin
O14579	COPE	Coatomer subunit epsilon
Q15678	PTPN14	Tyrosine-protein phosphatase non-receptor type 14
O60664	PLIN3	Perilipin-3
P49810	PSEN2	Presenilin-2
P62834	RAP1A	Ras-related protein Rap-1A
Q99584	S100A13	Protein S100-A13
P61619	SEC61A1	Protein transport protein Sec61 subunit alpha isoform 1
P07093	SERPINE2	Glia-derived nexin
Q9UJZ1	STOML2	Stomatin-like protein 2, mitochondrial
Q8TCJ2	STT3B	Dolichyl-diphosphooligosaccharide--protein glycosyltransferase subunit STT3B
Q03518	TAP1	Antigen peptide transporter 1
O15533	TAPBP	Tapasin
Q9Y5S1	Trpv2	Transient receptor potential cation channel subfamily V member 2
Q9H1C4	UNC93B1	Protein unc-93 homolog B1
P33897	ABCD1	ATP-binding cassette sub-family D member 1
P36542	ATP5F1C	"""ATP synthase F(1) complex subunit gamma, mitochondrial"""
P24539	ATP5PB	ATP synthase peripheral stalk subunit b, mitochondrial
P48047	ATP5PO	ATP synthase peripheral stalk subunit OSCP, mitochondrial
P00403	MT-CO2	Cytochrome c oxidase subunit 2
P50416	CPT1A	Carnitine O-palmitoyltransferase 1, liver isoform
O95864	FADS2	Acyl-CoA 6-desaturase
P25445	FAS	Tumor necrosis factor receptor superfamily member 6
P30519	HMOX2	Heme oxygenase 2
Q7Z434	MAVS	Mitochondrial antiviral-signaling protein
Q9UKV5	AMFR	E3 ubiquitin-protein ligase AMFR
O75477	ERLIN1	Erlin-1
Q15858	SCN9A	Sodium channel protein type 9 subunit alpha
Q2M2I8	AAK1	AP2-associated protein kinase 1
Q15329	E2F5	Transcription factor E2F5
Q16825	PTPN21	Tyrosine-protein phosphatase non-receptor type 21
P41229	KDM5C	Lysine-specific demethylase 5C
P17936	Igfbp3	Insulin-like growth factor-binding protein 3
Q9Y6Q5	AP1M2	AP-1 complex subunit mu-2
Q9UBS4	DNAJB11	DnaJ homolog subfamily B member 11
P04632	CAPNS1	Calpain small subunit 1
Q8IYJ3	Sytl1	Synaptotagmin-like protein 1
P35250	RFC2	Replication factor C subunit 2
Q96QZ7	MAGI1	Membrane-associated guanylate kinase, WW and PDZ domain-containing protein 1
P05549	TFAP2A	Transcription factor AP-2-alpha
P17676	CEBPB	CCAAT/enhancer-binding protein beta
P55209	NAP1L1	Nucleosome assembly protein 1-like 1
O14907	TAX1BP3	Tax1-binding protein 3
Q14978	NOLC1	Nucleolar and coiled-body phosphoprotein 1
Q14188	TFDP2	Transcription factor Dp-2
Q01813	PFKP	ATP-dependent 6-phosphofructokinase, platelet type
P63151	PPP2R2A	Serine/threonine-protein phosphatase 2A 55 kDa regulatory subunit B alpha isoform
Q96L92	SNX27	Sorting nexin-27
Q9BS26	ERP44	Endoplasmic reticulum resident protein 44
Q9UBQ0	VPS29	Vacuolar protein sorting-associated protein 29
O15235	MRPS12	Small ribosomal subunit protein uS12m
Q14186	TFDP1	Transcription factor Dp-1
O15427	SLC16A3	Monocarboxylate transporter 4
Q9HBR0	SLC38A10	Solute carrier family 38 member 10
P49755	TMED10	Transmembrane emp24 domain-containing protein 10
Q92973	TNPO1	Transportin-1
Q13443	ADAM9	Disintegrin and metalloproteinase domain-containing protein 9
P21964	COMT	Catechol O-methyltransferase
Q6UVK1	cspg4	Chondroitin sulfate proteoglycan 4
P39656	DDOST	Dolichyl-diphosphooligosaccharide--protein glycosyltransferase 48 kDa subunit
Q15392	DHCR24	"""Delta(24)-sterol reductase"""
P25116	F2R	Proteinase-activated receptor 1
Q10472	GALNT1	Polypeptide N-acetylgalactosaminyltransferase 1
P17302	Gja1	Gap junction alpha-1 protein
Q96S66	CLCC1	Chloride channel CLIC-like protein 1
O94905	Erlin2	Erlin-2
P30281	Ccnd3	G1/S-specific cyclin-D3
Q7Z7L7	ZER1	Protein zer-1 homolog
P51784	USP11	Ubiquitin carboxyl-terminal hydrolase 11
Q96EY1	Dnaja3	DnaJ homolog subfamily A member 3, mitochondrial
P25106	ACKR3	Atypical chemokine receptor 3
O75528	TADA3	Transcriptional adapter 3
O95905	ECD	Protein ecdysoneless homolog
O00303	EIF3F	Eukaryotic translation initiation factor 3 subunit F
Q9NYY3	PLK2	Serine/threonine-protein kinase PLK2
Q13158	FADD	FAS-associated death domain protein
Q92547	Topbp1	DNA topoisomerase 2-binding protein 1
Q01094	E2f1	Transcription factor E2F1
Q92831	KAT2B	Histone acetyltransferase KAT2B
P12110	COL6A2	"""Collagen alpha-2(VI) chain"""
Q14393	GAS6	Growth arrest-specific protein 6
Q13563	PKD2	Polycystin-2
O00391	QSOX1	Sulfhydryl oxidase 1
P11166	SLC2A1	Solute carrier family 2, facilitated glucose transporter member 1
P04920	SLC4A2	Anion exchange protein 2
P46977	Stt3a	Dolichyl-diphosphooligosaccharide--protein glycosyltransferase subunit STT3A
Q03519	TAP2	Antigen peptide transporter 2
Q9HBA0	Trpv4	Transient receptor potential cation channel subfamily V member 4
P23634	ATP2B4	Plasma membrane calcium-transporting ATPase 4
Q16891	IMMT	MICOS complex subunit MIC60
Q6IAA8	LAMTOR1	Ragulator complex protein LAMTOR1
O00767	SCD	Stearoyl-CoA desaturase
P26641	EEF1G	Elongation factor 1-gamma
Q13362	PPP2R5C	Serine/threonine-protein phosphatase 2A 56 kDa regulatory subunit gamma isoform
Q14671	PUM1	Pumilio homolog 1
P36507	MAP2K2	Dual specificity mitogen-activated protein kinase kinase 2
P05412	JUN	Transcription factor Jun
O15111	CHUK	Inhibitor of nuclear factor kappa-B kinase subunit alpha
Q9UHD8	SEPTIN9	Septin-9
P31689	DNAJA1	DnaJ homolog subfamily A member 1
O00469	PLOD2	Procollagen-lysine,2-oxoglutarate 5-dioxygenase 2
Q9Y653	ADGRG1	Adhesion G-protein coupled receptor G1
Q92633	LPAR1	Lysophosphatidic acid receptor 1
P50281	MMP14	Matrix metalloproteinase-14
P11802	Cdk4	Cyclin-dependent kinase 4
Q96L91	EP400	E1A-binding protein p400
Q9NQC7	CYLD	Ubiquitin carboxyl-terminal hydrolase CYLD
P16144	ITGB4	Integrin beta-4
P13667	PDIA4	Protein disulfide-isomerase A4
Q14160	Scrib	Protein scribble homolog
P19438	TNFRSF1A	Tumor necrosis factor receptor superfamily member 1A
Q92508	PIEZO1	Piezo-type mechanosensitive ion channel component 1
Q01650	SLC7A5	Large neutral amino acids transporter small subunit 1
P27105	STOM	Stomatin
O15439	ABCC4	ATP-binding cassette sub-family C member 4
P04114	APOB	Apolipoprotein B-100
Q86WV6	Sting1	Stimulator of interferon genes protein
Q9NRY4	ARHGAP35	Rho GTPase-activating protein 35
Q15022	SUZ12	Polycomb protein SUZ12
P67775	PPP2CA	Serine/threonine-protein phosphatase 2A catalytic subunit alpha isoform
Q9Y678	COPG1	Coatomer subunit gamma-1
P42677	RPS27	Small ribosomal subunit protein eS27
Q8IV08	PLD3	5'-3' exonuclease PLD3
P04844	RPN2	Dolichyl-diphosphooligosaccharide--protein glycosyltransferase subunit 2
Q15758	SLC1A5	"""Neutral amino acid transporter B(0)"""
Q03135	CAV1	Caveolin-1
P53621	COPA	Coatomer subunit alpha
O95782	AP2A1	AP-2 complex subunit alpha-1
Q96CW1	AP2M1	AP-2 complex subunit mu
Q00535	CDK5	Cyclin-dependent kinase 5
P29590	PML	Protein PML
P06400	Rb1	Retinoblastoma-associated protein
P18848	Atf4	Cyclic AMP-dependent transcription factor ATF-4
Q13485	SMAD4	Mothers against decapentaplegic homolog 4
Q13547	HDAC1	Histone deacetylase 1
P33527	ABCC1	Multidrug resistance-associated protein 1
P27824	CANX	Calnexin
Q9H7F0	ATP13A3	Polyamine-transporting ATPase 13A3
P29597	TYK2	Non-receptor tyrosine-protein kinase TYK2
P20248	CCNA2	Cyclin-A2
P46939	UTRN	Utrophin
Q9UNM6	PSMD13	26S proteasome non-ATPase regulatory subunit 13
P10644	PRKAR1A	cAMP-dependent protein kinase type I-alpha regulatory subunit
Q96QK1	VPS35	Vacuolar protein sorting-associated protein 35
P30101	PDIA3	Protein disulfide-isomerase A3
O43166	SIPA1L1	Signal-induced proliferation-associated 1-like protein 1
P52292	KPNA2	Importin subunit alpha-1
O14773	TPP1	Tripeptidyl-peptidase 1
P07339	CTSD	Cathepsin D
P38398	BRCA1	Breast cancer type 1 susceptibility protein
O95714	HERC2	E3 ubiquitin-protein ligase HERC2
P30153	PPP2R1A	Serine/threonine-protein phosphatase 2A 65 kDa regulatory subunit A alpha isoform
O00231	PSMD11	26S proteasome non-ATPase regulatory subunit 11
Q15369	ELOC	Elongin-C
Q15370	ELOB	Elongin-B
O60814	H2BC12	Histone H2B type 1-K
Q09472	EP300	Histone acetyltransferase p300
P08195	SLC3A2	Amino acid transporter heavy chain SLC3A2
P05556	ITGB1	Integrin beta-1
P68104	EEF1A1	Elongation factor 1-alpha 1
P23458	JAK1	Tyrosine-protein kinase JAK1
Q5T4S7	UBR4	E3 ubiquitin-protein ligase UBR4
P06733	ENO1	Alpha-enolase
P05023	ATP1A1	Sodium/potassium-transporting ATPase subunit alpha-1
P14618	PKM	Pyruvate kinase PKM
P18031	PTPN1	Tyrosine-protein phosphatase non-receptor type 1
P11717	IGF2R	Cation-independent mannose-6-phosphate receptor
P24941	Cdk2	Cyclin-dependent kinase 2
P04637	TP53	Cellular tumor antigen p53
P60709	ACTB	Actin, cytoplasmic 1
O60885	Brd4	Bromodomain-containing protein 4
Q14204	DYNC1H1	Cytoplasmic dynein 1 heavy chain 1
Q8N1K5	THEMIS	Protein THEMIS
Q6PF05	TTC23L	Tetratricopeptide repeat protein 23-like
Q9H4K1	RIBC2	RIB43A-like with coiled-coils protein 2
Q8N883	ZNF614	Zinc finger protein 614
Q9BY27	DGCR6L	Protein DGCR6L
Q969F0	FATE1	Fetal and adult testis-expressed transcript protein
Q969H6	POP5	Ribonuclease P/MRP protein subunit POP5
Q6ZVK8	NUDT18	8-oxo-dGDP phosphatase NUDT18
Q92546	RGP1	RAB6A-GEF complex partner protein 2
Q5T8I9	HENMT1	Small RNA 2'-O-methyltransferase
P19013	KRT4	Keratin, type II cytoskeletal 4
P19012	KRT15	Keratin, type I cytoskeletal 15
P78560	CRADD	Death domain-containing protein CRADD
O14595	CTDSP2	Carboxy-terminal domain RNA polymerase II polypeptide A small phosphatase 2
O15287	FANCG	Fanconi anemia group G protein
Q53HC0	CCDC92	Coiled-coil domain-containing protein 92
Q01085	TIAL1	Nucleolysin TIAR
P43268	Etv4	ETS translocation variant 4
Q33E94	RFX4	Transcription factor RFX4
Q9GZT8	NIF3L1	NIF3-like protein 1
P82932	MRPS6	Small ribosomal subunit protein bS6m
Q96MT8	CEP63	Centrosomal protein of 63 kDa
Q13283	G3BP1	Ras GTPase-activating protein-binding protein 1
Q8IZQ1	WDFY3	WD repeat and FYVE domain-containing protein 3
Q9NP87	POLM	DNA-directed DNA/RNA polymerase mu
P29474	NOS3	Nitric oxide synthase 3
Q9UBN7	Hdac6	Protein deacetylase HDAC6
P05787	Krt8	Keratin, type II cytoskeletal 8
P82909	KGD4	Alpha-ketoglutarate dehydrogenase component 4
O15131	KPNA5	Importin subunit alpha-6
Q5QP82	DCAF10	DDB1- and CUL4-associated factor 10
Q9BTE7	DCUN1D5	DCN1-like protein 5
Q9UIL1	SCOC	Short coiled-coil protein
Q66LE6	PPP2R2D	Serine/threonine-protein phosphatase 2A 55 kDa regulatory subunit B delta isoform
Q96C92	ENTR1	Endosome-associated-trafficking regulator 1
Q9H5V9	STEEP1	STING ER exit protein
Q96MW5	COG8	Conserved oligomeric Golgi complex subunit 8
Q96PD5	PGLYRP2	N-acetylmuramoyl-L-alanine amidase
O00330	PDHX	Pyruvate dehydrogenase protein X component, mitochondrial
P36957	DLST	Dihydrolipoyllysine-residue succinyltransferase component of 2-oxoglutarate dehydrogenase complex, mitochondrial
Q4G0N4	NADK2	NAD kinase 2, mitochondrial
Q9Y2Z0	SUGT1	Protein SGT1 homolog
O60678	PRMT3	Protein arginine N-methyltransferase 3
Q9H4P4	RNF41	E3 ubiquitin-protein ligase NRDP1
P08559	PDHA1	Pyruvate dehydrogenase E1 component subunit alpha, somatic form, mitochondrial
Q9NZC7	WWOX	WW domain-containing oxidoreductase
O94826	TOMM70	Mitochondrial import receptor subunit TOM70
P10515	DLAT	Dihydrolipoyllysine-residue acetyltransferase component of pyruvate dehydrogenase complex, mitochondrial
Q15172	PPP2R5A	Serine/threonine-protein phosphatase 2A 56 kDa regulatory subunit alpha isoform
Q02218	OGDH	2-oxoglutarate dehydrogenase complex component E1
Q13162	PRDX4	Peroxiredoxin-4
P22234	PAICS	Bifunctional phosphoribosylaminoimidazole carboxylase/phosphoribosylaminoimidazole succinocarboxamide synthetase
Q7L1Q6	BZW1	eIF5-mimic protein 2
P04818	TYMS	Thymidylate synthase
P50897	PPT1	Palmitoyl-protein thioesterase 1
