interactionID	virusCode	viralUniprotID	hostUniprotID	viralGeneName	viralProteinName
P12978/Q06330	EBVB9	P12978	Q06330	EBNA2	Epstein-Barr nuclear antigen 2
P03203/Q06330	EBVB9	P03203	Q06330	EBNA4	Epstein-Barr nuclear antigen 4
P12977/Q06330	EBVB9	P12977	Q06330	EBNA3	Epstein-Barr nuclear antigen 3
P03204/Q06330	EBVB9	P03204	Q06330	EBNA6	Epstein-Barr nuclear antigen 6
P03230/Q92985-1	EBVB9	P03230	Q92985-1	LMP1	Latent membrane protein 1
Q8AZK7/O75323	EBVB9	Q8AZK7	O75323	EBNA-LP	Epstein-Barr nuclear antigen leader protein
Q8AZK7/Q15773	EBVB9	Q8AZK7	Q15773	EBNA-LP	Epstein-Barr nuclear antigen leader protein
Q8AZK7/Q9HAV7	EBVB9	Q8AZK7	Q9HAV7	EBNA-LP	Epstein-Barr nuclear antigen leader protein
Q8AZK7/O60812	EBVB9	Q8AZK7	O60812	EBNA-LP	Epstein-Barr nuclear antigen leader protein
Q8AZK7/O95816	EBVB9	Q8AZK7	O95816	EBNA-LP	Epstein-Barr nuclear antigen leader protein
P03177/O60831	EBVB9	P03177	O60831	TK	Thymidine kinase
P03230/Q9UI14	EBVB9	P03230	Q9UI14	LMP1	Latent membrane protein 1
Q8AZK7/O75953	EBVB9	Q8AZK7	O75953	EBNA-LP	Epstein-Barr nuclear antigen leader protein
Q8AZK7/Q14257	EBVB9	Q8AZK7	Q14257	EBNA-LP	Epstein-Barr nuclear antigen leader protein
Q8AZK7/Q9BPW8	EBVB9	Q8AZK7	Q9BPW8	EBNA-LP	Epstein-Barr nuclear antigen leader protein
Q8AZK7/P05165	EBVB9	Q8AZK7	P05165	EBNA-LP	Epstein-Barr nuclear antigen leader protein
Q8AZK7/Q7Z4N8	EBVB9	Q8AZK7	Q7Z4N8	EBNA-LP	Epstein-Barr nuclear antigen leader protein
Q8AZK7/Q86UA1	EBVB9	Q8AZK7	Q86UA1	EBNA-LP	Epstein-Barr nuclear antigen leader protein
Q8AZK7/O00165	EBVB9	Q8AZK7	O00165	EBNA-LP	Epstein-Barr nuclear antigen leader protein
Q8AZK7/P05166	EBVB9	Q8AZK7	P05166	EBNA-LP	Epstein-Barr nuclear antigen leader protein
Q8AZK7/Q5W0B1	EBVB9	Q8AZK7	Q5W0B1	EBNA-LP	Epstein-Barr nuclear antigen leader protein
P03177/Q9Y305	EBVB9	P03177	Q9Y305	TK	Thymidine kinase
P03177/Q16527	EBVB9	P03177	Q16527	TK	Thymidine kinase
Q8AZK7/Q92522	EBVB9	Q8AZK7	Q92522	EBNA-LP	Epstein-Barr nuclear antigen leader protein
Q8AZK7/Q13151	EBVB9	Q8AZK7	Q13151	EBNA-LP	Epstein-Barr nuclear antigen leader protein
Q8AZK7/Q3ZCQ8	EBVB9	Q8AZK7	Q3ZCQ8	EBNA-LP	Epstein-Barr nuclear antigen leader protein
Q8AZK7/O76031	EBVB9	Q8AZK7	O76031	EBNA-LP	Epstein-Barr nuclear antigen leader protein
Q8AZK7/Q9ULX6	EBVB9	Q8AZK7	Q9ULX6	EBNA-LP	Epstein-Barr nuclear antigen leader protein
P13285/Q8TED1	EBVB9	P13285	Q8TED1	LMP2	Latent membrane protein 2
P13285/O60831	EBVB9	P13285	O60831	LMP2	Latent membrane protein 2
P13285/Q9P0P0	EBVB9	P13285	Q9P0P0	LMP2	Latent membrane protein 2
Q8AZK7/Q8N726	EBVB9	Q8AZK7	Q8N726	EBNA-LP	Epstein-Barr nuclear antigen leader protein
Q8AZK7/Q9UDY4	EBVB9	Q8AZK7	Q9UDY4	EBNA-LP	Epstein-Barr nuclear antigen leader protein
Q8AZK7/Q9Y2G8	EBVB9	Q8AZK7	Q9Y2G8	EBNA-LP	Epstein-Barr nuclear antigen leader protein
P03177/Q9NXH8	EBVB9	P03177	Q9NXH8	TK	Thymidine kinase
P03177/Q9UJ70	EBVB9	P03177	Q9UJ70	TK	Thymidine kinase
P03177/P35080	EBVB9	P03177	P35080	TK	Thymidine kinase
P03177/O75688	EBVB9	P03177	O75688	TK	Thymidine kinase
Q8AZK7/Q92616	EBVB9	Q8AZK7	Q92616	EBNA-LP	Epstein-Barr nuclear antigen leader protein
Q8AZK7/P12236	EBVB9	Q8AZK7	P12236	EBNA-LP	Epstein-Barr nuclear antigen leader protein
Q8AZK7/Q99729	EBVB9	Q8AZK7	Q99729	EBNA-LP	Epstein-Barr nuclear antigen leader protein
Q8AZK7/Q15293	EBVB9	Q8AZK7	Q15293	EBNA-LP	Epstein-Barr nuclear antigen leader protein
P13285/Q8NC54	EBVB9	P13285	Q8NC54	LMP2	Latent membrane protein 2
Q8AZK7/Q9UL15	EBVB9	Q8AZK7	Q9UL15	EBNA-LP	Epstein-Barr nuclear antigen leader protein
Q8AZK7/Q9UJY1	EBVB9	Q8AZK7	Q9UJY1	EBNA-LP	Epstein-Barr nuclear antigen leader protein
Q8AZK7/P28300	EBVB9	Q8AZK7	P28300	EBNA-LP	Epstein-Barr nuclear antigen leader protein
P03177/P62699	EBVB9	P03177	P62699	TK	Thymidine kinase
P03177/P47756	EBVB9	P03177	P47756	TK	Thymidine kinase
P03177/O00483	EBVB9	P03177	O00483	TK	Thymidine kinase
P03177/Q9Y5M8	EBVB9	P03177	Q9Y5M8	TK	Thymidine kinase
P03230/Q15628	EBVB9	P03230	Q15628	LMP1	Latent membrane protein 1
Q8AZK7/P40938	EBVB9	Q8AZK7	P40938	EBNA-LP	Epstein-Barr nuclear antigen leader protein
Q8AZK7/P47897	EBVB9	Q8AZK7	P47897	EBNA-LP	Epstein-Barr nuclear antigen leader protein
Q8AZK7/P26599	EBVB9	Q8AZK7	P26599	EBNA-LP	Epstein-Barr nuclear antigen leader protein
Q8AZK7/Q04837	EBVB9	Q8AZK7	Q04837	EBNA-LP	Epstein-Barr nuclear antigen leader protein
Q8AZK7/O75190	EBVB9	Q8AZK7	O75190	EBNA-LP	Epstein-Barr nuclear antigen leader protein
Q8AZK7/O15460	EBVB9	Q8AZK7	O15460	EBNA-LP	Epstein-Barr nuclear antigen leader protein
Q8AZK7/O43592	EBVB9	Q8AZK7	O43592	EBNA-LP	Epstein-Barr nuclear antigen leader protein
P13285/Q8IZ07	EBVB9	P13285	Q8IZ07	LMP2	Latent membrane protein 2
P13285/Q8NBM4	EBVB9	P13285	Q8NBM4	LMP2	Latent membrane protein 2
P13285/Q9BQB6	EBVB9	P13285	Q9BQB6	LMP2	Latent membrane protein 2
Q8AZK7/Q9Y6N5	EBVB9	Q8AZK7	Q9Y6N5	EBNA-LP	Epstein-Barr nuclear antigen leader protein
P03177/Q9NR12	EBVB9	P03177	Q9NR12	TK	Thymidine kinase
P03177/Q9Y6N5	EBVB9	P03177	Q9Y6N5	TK	Thymidine kinase
P03177/Q15629	EBVB9	P03177	Q15629	TK	Thymidine kinase
Q8AZK7/P56524	EBVB9	Q8AZK7	P56524	EBNA-LP	Epstein-Barr nuclear antigen leader protein
P12978/Q15326	EBVB9	P12978	Q15326	EBNA2	Epstein-Barr nuclear antigen 2
Q8AZK7/P00367	EBVB9	Q8AZK7	P00367	EBNA-LP	Epstein-Barr nuclear antigen leader protein
Q8AZK7/Q07955	EBVB9	Q8AZK7	Q07955	EBNA-LP	Epstein-Barr nuclear antigen leader protein
Q8AZK7/P08107	EBVB9	Q8AZK7	P08107	EBNA-LP	Epstein-Barr nuclear antigen leader protein
Q8AZK7/P08579	EBVB9	Q8AZK7	P08579	EBNA-LP	Epstein-Barr nuclear antigen leader protein
Q8AZK7/Q01105	EBVB9	Q8AZK7	Q01105	EBNA-LP	Epstein-Barr nuclear antigen leader protein
Q8AZK7/P52907	EBVB9	Q8AZK7	P52907	EBNA-LP	Epstein-Barr nuclear antigen leader protein
Q8AZK7/O43390	EBVB9	Q8AZK7	O43390	EBNA-LP	Epstein-Barr nuclear antigen leader protein
P13285/Q9H5V8	EBVB9	P13285	Q9H5V8	LMP2	Latent membrane protein 2
P13285/Q15012	EBVB9	P13285	Q15012	LMP2	Latent membrane protein 2
P13285/O15260	EBVB9	P13285	O15260	LMP2	Latent membrane protein 2
P13285/Q8TF42	EBVB9	P13285	Q8TF42	LMP2	Latent membrane protein 2
P03211/P27352	EBVB9	P03211	P27352	EBNA1	Epstein-Barr nuclear antigen 1
Q8AZK7/P50402	EBVB9	Q8AZK7	P50402	EBNA-LP	Epstein-Barr nuclear antigen leader protein
P03230/Q9UKE5	EBVB9	P03230	Q9UKE5	LMP1	Latent membrane protein 1
P03230/Q9NYJ8	EBVB9	P03230	Q9NYJ8	LMP1	Latent membrane protein 1
P03177/P50402	EBVB9	P03177	P50402	TK	Thymidine kinase
P03177/P82650	EBVB9	P03177	P82650	TK	Thymidine kinase
P03177/Q9Y6C9	EBVB9	P03177	Q9Y6C9	TK	Thymidine kinase
P03177/Q6UB35	EBVB9	P03177	Q6UB35	TK	Thymidine kinase
P03204/Q9Y676	EBVB9	P03204	Q9Y676	EBNA6	Epstein-Barr nuclear antigen 6
P12978/P56524	EBVB9	P12978	P56524	EBNA2	Epstein-Barr nuclear antigen 2
P03230/Q15326	EBVB9	P03230	Q15326	LMP1	Latent membrane protein 1
P03230/P08962	EBVB9	P03230	P08962	LMP1	Latent membrane protein 1
P03230/P08107	EBVB9	P03230	P08107	LMP1	Latent membrane protein 1
Q8AZK7/P30050	EBVB9	Q8AZK7	P30050	EBNA-LP	Epstein-Barr nuclear antigen leader protein
Q8AZK7/P25685	EBVB9	Q8AZK7	P25685	EBNA-LP	Epstein-Barr nuclear antigen leader protein
Q8AZK7/P14868	EBVB9	Q8AZK7	P14868	EBNA-LP	Epstein-Barr nuclear antigen leader protein
Q8AZK7/P27635	EBVB9	Q8AZK7	P27635	EBNA-LP	Epstein-Barr nuclear antigen leader protein
Q8AZK7/Q8NC51	EBVB9	Q8AZK7	Q8NC51	EBNA-LP	Epstein-Barr nuclear antigen leader protein
Q8AZK7/Q92841	EBVB9	Q8AZK7	Q92841	EBNA-LP	Epstein-Barr nuclear antigen leader protein
Q8AZK7/Q14103	EBVB9	Q8AZK7	Q14103	EBNA-LP	Epstein-Barr nuclear antigen leader protein
Q8AZK7/O76021	EBVB9	Q8AZK7	O76021	EBNA-LP	Epstein-Barr nuclear antigen leader protein
Q8AZK7/Q9Y5V3	EBVB9	Q8AZK7	Q9Y5V3	EBNA-LP	Epstein-Barr nuclear antigen leader protein
P13285/O60494	EBVB9	P13285	O60494	LMP2	Latent membrane protein 2
P13285/P50402	EBVB9	P13285	P50402	LMP2	Latent membrane protein 2
P13285/Q96CS3	EBVB9	P13285	Q96CS3	LMP2	Latent membrane protein 2
P13285/P61289	EBVB9	P13285	P61289	LMP2	Latent membrane protein 2
P13285/O95456	EBVB9	P13285	O95456	LMP2	Latent membrane protein 2
P13285/Q9H0E2	EBVB9	P13285	Q9H0E2	LMP2	Latent membrane protein 2
P13285/Q5JTV8	EBVB9	P13285	Q5JTV8	LMP2	Latent membrane protein 2
Q8AZK7/O95817	EBVB9	Q8AZK7	O95817	EBNA-LP	Epstein-Barr nuclear antigen leader protein
Q8AZK7/P13674	EBVB9	Q8AZK7	P13674	EBNA-LP	Epstein-Barr nuclear antigen leader protein
P03177/P51911	EBVB9	P03177	P51911	TK	Thymidine kinase
P03177/Q00341	EBVB9	P03177	Q00341	TK	Thymidine kinase
P03177/Q8IY17	EBVB9	P03177	Q8IY17	TK	Thymidine kinase
P03177/Q96B97	EBVB9	P03177	Q96B97	TK	Thymidine kinase
P03177/Q9H270	EBVB9	P03177	Q9H270	TK	Thymidine kinase
Q8AZK7/P61981	EBVB9	Q8AZK7	P61981	EBNA-LP	Epstein-Barr nuclear antigen leader protein
P13285/P08107	EBVB9	P13285	P08107	LMP2	Latent membrane protein 2
P03211/P52294	EBVB9	P03211	P52294	EBNA1	Epstein-Barr nuclear antigen 1
P03211/Q13416	EBVB9	P03211	Q13416	EBNA1	Epstein-Barr nuclear antigen 1
P12977/P35869	EBVB9	P12977	P35869	EBNA3	Epstein-Barr nuclear antigen 3
Q8AZK7/Q15366	EBVB9	Q8AZK7	Q15366	EBNA-LP	Epstein-Barr nuclear antigen leader protein
Q8AZK7/Q07666	EBVB9	Q8AZK7	Q07666	EBNA-LP	Epstein-Barr nuclear antigen leader protein
Q8AZK7/P55735	EBVB9	Q8AZK7	P55735	EBNA-LP	Epstein-Barr nuclear antigen leader protein
Q8AZK7/Q13576	EBVB9	Q8AZK7	Q13576	EBNA-LP	Epstein-Barr nuclear antigen leader protein
P13285/P30530	EBVB9	P13285	P30530	LMP2	Latent membrane protein 2
P13285/Q06323	EBVB9	P13285	Q06323	LMP2	Latent membrane protein 2
P13285/O60493	EBVB9	P13285	O60493	LMP2	Latent membrane protein 2
P13285/Q9H0M0	EBVB9	P13285	Q9H0M0	LMP2	Latent membrane protein 2
P03211/Q9Y4F1	EBVB9	P03211	Q9Y4F1	EBNA1	Epstein-Barr nuclear antigen 1
P03211/Q9Y6M1	EBVB9	P03211	Q9Y6M1	EBNA1	Epstein-Barr nuclear antigen 1
P03211/O60684	EBVB9	P03211	O60684	EBNA1	Epstein-Barr nuclear antigen 1
P03211/Q3KQU3	EBVB9	P03211	Q3KQU3	EBNA1	Epstein-Barr nuclear antigen 1
P03211/Q8IYB3	EBVB9	P03211	Q8IYB3	EBNA1	Epstein-Barr nuclear antigen 1
Q8AZK7/O75165	EBVB9	Q8AZK7	O75165	EBNA-LP	Epstein-Barr nuclear antigen leader protein
Q8AZK7/P34932	EBVB9	Q8AZK7	P34932	EBNA-LP	Epstein-Barr nuclear antigen leader protein
Q8AZK7/Q63ZY3	EBVB9	Q8AZK7	Q63ZY3	EBNA-LP	Epstein-Barr nuclear antigen leader protein
Q8AZK7/Q8N163	EBVB9	Q8AZK7	Q8N163	EBNA-LP	Epstein-Barr nuclear antigen leader protein
Q8AZK7/Q32P28	EBVB9	Q8AZK7	Q32P28	EBNA-LP	Epstein-Barr nuclear antigen leader protein
P03177/Q63ZY3	EBVB9	P03177	Q63ZY3	TK	Thymidine kinase
P03230/O14920	EBVB9	P03230	O14920	LMP1	Latent membrane protein 1
P03211/P19784	EBVB9	P03211	P19784	EBNA1	Epstein-Barr nuclear antigen 1
P03211/Q15554	EBVB9	P03211	Q15554	EBNA1	Epstein-Barr nuclear antigen 1
Q8AZK7/Q9BQA1	EBVB9	Q8AZK7	Q9BQA1	EBNA-LP	Epstein-Barr nuclear antigen leader protein
Q8AZK7/Q13435	EBVB9	Q8AZK7	Q13435	EBNA-LP	Epstein-Barr nuclear antigen leader protein
Q8AZK7/P52272	EBVB9	Q8AZK7	P52272	EBNA-LP	Epstein-Barr nuclear antigen leader protein
Q8AZK7/P04792	EBVB9	Q8AZK7	P04792	EBNA-LP	Epstein-Barr nuclear antigen leader protein
Q8AZK7/O15027	EBVB9	Q8AZK7	O15027	EBNA-LP	Epstein-Barr nuclear antigen leader protein
Q8AZK7/P23246	EBVB9	Q8AZK7	P23246	EBNA-LP	Epstein-Barr nuclear antigen leader protein
Q8AZK7/Q8N1F7	EBVB9	Q8AZK7	Q8N1F7	EBNA-LP	Epstein-Barr nuclear antigen leader protein
Q8AZK7/P55884	EBVB9	Q8AZK7	P55884	EBNA-LP	Epstein-Barr nuclear antigen leader protein
Q8AZK7/P55060	EBVB9	Q8AZK7	P55060	EBNA-LP	Epstein-Barr nuclear antigen leader protein
Q8AZK7/O60506	EBVB9	Q8AZK7	O60506	EBNA-LP	Epstein-Barr nuclear antigen leader protein
Q8AZK7/P62316	EBVB9	Q8AZK7	P62316	EBNA-LP	Epstein-Barr nuclear antigen leader protein
P13285/Q9GZU8	EBVB9	P13285	Q9GZU8	LMP2	Latent membrane protein 2
P13285/Q7Z4F1	EBVB9	P13285	Q7Z4F1	LMP2	Latent membrane protein 2
P13285/Q96N66	EBVB9	P13285	Q96N66	LMP2	Latent membrane protein 2
P13285/P28065	EBVB9	P13285	P28065	LMP2	Latent membrane protein 2
P13285/Q9UL46	EBVB9	P13285	Q9UL46	LMP2	Latent membrane protein 2
P13285/O15269	EBVB9	P13285	O15269	LMP2	Latent membrane protein 2
P03211/O60565	EBVB9	P03211	O60565	EBNA1	Epstein-Barr nuclear antigen 1
P03211/P52926	EBVB9	P03211	P52926	EBNA1	Epstein-Barr nuclear antigen 1
P03211/Q5SSJ5	EBVB9	P03211	Q5SSJ5	EBNA1	Epstein-Barr nuclear antigen 1
P03211/Q9NZI8	EBVB9	P03211	Q9NZI8	EBNA1	Epstein-Barr nuclear antigen 1
P03211/O00425	EBVB9	P03211	O00425	EBNA1	Epstein-Barr nuclear antigen 1
P03211/Q9NUQ6	EBVB9	P03211	Q9NUQ6	EBNA1	Epstein-Barr nuclear antigen 1
P03211/Q96SB4	EBVB9	P03211	Q96SB4	EBNA1	Epstein-Barr nuclear antigen 1
P03211/P78362	EBVB9	P03211	P78362	EBNA1	Epstein-Barr nuclear antigen 1
P03230/Q13114	EBVB9	P03230	Q13114	LMP1	Latent membrane protein 1
P03230/O43318	EBVB9	P03230	O43318	LMP1	Latent membrane protein 1
P03177/O00203	EBVB9	P03177	O00203	TK	Thymidine kinase
P03204/P01106	EBVB9	P03204	P01106	EBNA6	Epstein-Barr nuclear antigen 6
Q8AZK7/Q92878	EBVB9	Q8AZK7	Q92878	EBNA-LP	Epstein-Barr nuclear antigen leader protein
Q8AZK7/Q9Y265	EBVB9	Q8AZK7	Q9Y265	EBNA-LP	Epstein-Barr nuclear antigen leader protein
Q8AZK7/P61978	EBVB9	Q8AZK7	P61978	EBNA-LP	Epstein-Barr nuclear antigen leader protein
Q8AZK7/P07195	EBVB9	Q8AZK7	P07195	EBNA-LP	Epstein-Barr nuclear antigen leader protein
Q8AZK7/P35268	EBVB9	Q8AZK7	P35268	EBNA-LP	Epstein-Barr nuclear antigen leader protein
Q8AZK7/Q12906	EBVB9	Q8AZK7	Q12906	EBNA-LP	Epstein-Barr nuclear antigen leader protein
Q8AZK7/Q15233	EBVB9	Q8AZK7	Q15233	EBNA-LP	Epstein-Barr nuclear antigen leader protein
Q8AZK7/P41252	EBVB9	Q8AZK7	P41252	EBNA-LP	Epstein-Barr nuclear antigen leader protein
P13285/P09619	EBVB9	P13285	P09619	LMP2	Latent membrane protein 2
P13285/P28062	EBVB9	P13285	P28062	LMP2	Latent membrane protein 2
P13285/Q14997	EBVB9	P13285	Q14997	LMP2	Latent membrane protein 2
P13285/Q16739	EBVB9	P13285	Q16739	LMP2	Latent membrane protein 2
P03211/O76021	EBVB9	P03211	O76021	EBNA1	Epstein-Barr nuclear antigen 1
P03211/Q8N474	EBVB9	P03211	Q8N474	EBNA1	Epstein-Barr nuclear antigen 1
Q8AZK7/P38936	EBVB9	Q8AZK7	P38936	EBNA-LP	Epstein-Barr nuclear antigen leader protein
Q8AZK7/Q9UNE7	EBVB9	Q8AZK7	Q9UNE7	EBNA-LP	Epstein-Barr nuclear antigen leader protein
P03177/Q12797	EBVB9	P03177	Q12797	TK	Thymidine kinase
P03177/P16615	EBVB9	P03177	P16615	TK	Thymidine kinase
P03177/O60716	EBVB9	P03177	O60716	TK	Thymidine kinase
P03177/Q9UQ35	EBVB9	P03177	Q9UQ35	TK	Thymidine kinase
Q8AZK7/Q9Y230	EBVB9	Q8AZK7	Q9Y230	EBNA-LP	Epstein-Barr nuclear antigen leader protein
Q8AZK7/P42704	EBVB9	Q8AZK7	P42704	EBNA-LP	Epstein-Barr nuclear antigen leader protein
Q8AZK7/P68363	EBVB9	Q8AZK7	P68363	EBNA-LP	Epstein-Barr nuclear antigen leader protein
Q8AZK7/P09012	EBVB9	Q8AZK7	P09012	EBNA-LP	Epstein-Barr nuclear antigen leader protein
Q8AZK7/Q07020	EBVB9	Q8AZK7	Q07020	EBNA-LP	Epstein-Barr nuclear antigen leader protein
P13285/P46934	EBVB9	P13285	P46934	LMP2	Latent membrane protein 2
P13285/Q99623	EBVB9	P13285	Q99623	LMP2	Latent membrane protein 2
P13285/P55036	EBVB9	P13285	P55036	LMP2	Latent membrane protein 2
P13285/P37173	EBVB9	P13285	P37173	LMP2	Latent membrane protein 2
P03211/O95793	EBVB9	P03211	O95793	EBNA1	Epstein-Barr nuclear antigen 1
Q8AZK7/Q9UQ35	EBVB9	Q8AZK7	Q9UQ35	EBNA-LP	Epstein-Barr nuclear antigen leader protein
P03177/P27816	EBVB9	P03177	P27816	TK	Thymidine kinase
P03177/Q9NQC3	EBVB9	P03177	Q9NQC3	TK	Thymidine kinase
P03211/Q07021	EBVB9	P03211	Q07021	EBNA1	Epstein-Barr nuclear antigen 1
P03230/P63279	EBVB9	P03230	P63279	LMP1	Latent membrane protein 1
Q8AZK7/P19338	EBVB9	Q8AZK7	P19338	EBNA-LP	Epstein-Barr nuclear antigen leader protein
Q8AZK7/Q14315	EBVB9	Q8AZK7	Q14315	EBNA-LP	Epstein-Barr nuclear antigen leader protein
Q8AZK7/P62899	EBVB9	Q8AZK7	P62899	EBNA-LP	Epstein-Barr nuclear antigen leader protein
Q8AZK7/P06493	EBVB9	Q8AZK7	P06493	EBNA-LP	Epstein-Barr nuclear antigen leader protein
Q8AZK7/O95071	EBVB9	Q8AZK7	O95071	EBNA-LP	Epstein-Barr nuclear antigen leader protein
Q8AZK7/P32969	EBVB9	Q8AZK7	P32969	EBNA-LP	Epstein-Barr nuclear antigen leader protein
Q8AZK7/P16402	EBVB9	Q8AZK7	P16402	EBNA-LP	Epstein-Barr nuclear antigen leader protein
P13285/P16615	EBVB9	P13285	P16615	LMP2	Latent membrane protein 2
P13285/P11279	EBVB9	P13285	P11279	LMP2	Latent membrane protein 2
P13285/Q9UQ35	EBVB9	P13285	Q9UQ35	LMP2	Latent membrane protein 2
P03211/P67870	EBVB9	P03211	P67870	EBNA1	Epstein-Barr nuclear antigen 1
P03211/Q99873	EBVB9	P03211	Q99873	EBNA1	Epstein-Barr nuclear antigen 1
P03211/Q6NZI2	EBVB9	P03211	Q6NZI2	EBNA1	Epstein-Barr nuclear antigen 1
P03211/P62891	EBVB9	P03211	P62891	EBNA1	Epstein-Barr nuclear antigen 1
Q8AZK7/P10909	EBVB9	Q8AZK7	P10909	EBNA-LP	Epstein-Barr nuclear antigen leader protein
Q8AZK7/Q9NZM1	EBVB9	Q8AZK7	Q9NZM1	EBNA-LP	Epstein-Barr nuclear antigen leader protein
P03231/P06756	EBVB9	P03231	P06756	gH	Envelope glycoprotein H
P03177/P42704	EBVB9	P03177	P42704	TK	Thymidine kinase
P03177/Q9NZM1	EBVB9	P03177	Q9NZM1	TK	Thymidine kinase
P03177/Q7KZF4	EBVB9	P03177	Q7KZF4	TK	Thymidine kinase
P03177/Q93008	EBVB9	P03177	Q93008	TK	Thymidine kinase
Q8AZK7/P62266	EBVB9	Q8AZK7	P62266	EBNA-LP	Epstein-Barr nuclear antigen leader protein
Q8AZK7/P28072	EBVB9	Q8AZK7	P28072	EBNA-LP	Epstein-Barr nuclear antigen leader protein
Q8AZK7/P07437	EBVB9	Q8AZK7	P07437	EBNA-LP	Epstein-Barr nuclear antigen leader protein
Q8AZK7/P09651	EBVB9	Q8AZK7	P09651	EBNA-LP	Epstein-Barr nuclear antigen leader protein
Q8AZK7/P62249	EBVB9	Q8AZK7	P62249	EBNA-LP	Epstein-Barr nuclear antigen leader protein
Q8AZK7/P07814	EBVB9	Q8AZK7	P07814	EBNA-LP	Epstein-Barr nuclear antigen leader protein
Q8AZK7/P62829	EBVB9	Q8AZK7	P62829	EBNA-LP	Epstein-Barr nuclear antigen leader protein
Q8AZK7/P17844	EBVB9	Q8AZK7	P17844	EBNA-LP	Epstein-Barr nuclear antigen leader protein
Q8AZK7/P18621	EBVB9	Q8AZK7	P18621	EBNA-LP	Epstein-Barr nuclear antigen leader protein
Q8AZK7/P62241	EBVB9	Q8AZK7	P62241	EBNA-LP	Epstein-Barr nuclear antigen leader protein
P13285/Q9NZM1	EBVB9	P13285	Q9NZM1	LMP2	Latent membrane protein 2
P13285/Q96PU5	EBVB9	P13285	Q96PU5	LMP2	Latent membrane protein 2
P03211/P61513	EBVB9	P03211	P61513	EBNA1	Epstein-Barr nuclear antigen 1
Q8AZK7/P23497	EBVB9	Q8AZK7	P23497	EBNA-LP	Epstein-Barr nuclear antigen leader protein
P03177/O95071	EBVB9	P03177	O95071	TK	Thymidine kinase
P03211/Q93009	EBVB9	P03211	Q93009	EBNA1	Epstein-Barr nuclear antigen 1
Q8AZK7/P62269	EBVB9	Q8AZK7	P62269	EBNA-LP	Epstein-Barr nuclear antigen leader protein
Q8AZK7/P18124	EBVB9	Q8AZK7	P18124	EBNA-LP	Epstein-Barr nuclear antigen leader protein
Q8AZK7/P15880	EBVB9	Q8AZK7	P15880	EBNA-LP	Epstein-Barr nuclear antigen leader protein
Q8AZK7/P08708	EBVB9	Q8AZK7	P08708	EBNA-LP	Epstein-Barr nuclear antigen leader protein
Q8AZK7/P35998	EBVB9	Q8AZK7	P35998	EBNA-LP	Epstein-Barr nuclear antigen leader protein
Q8AZK7/P62277	EBVB9	Q8AZK7	P62277	EBNA-LP	Epstein-Barr nuclear antigen leader protein
Q8AZK7/Q08211	EBVB9	Q8AZK7	Q08211	EBNA-LP	Epstein-Barr nuclear antigen leader protein
P13285/Q96J02	EBVB9	P13285	Q96J02	LMP2	Latent membrane protein 2
P13285/P16070	EBVB9	P13285	P16070	LMP2	Latent membrane protein 2
P13285/O15031	EBVB9	P13285	O15031	LMP2	Latent membrane protein 2
P13285/P28072	EBVB9	P13285	P28072	LMP2	Latent membrane protein 2
P13285/P35998	EBVB9	P13285	P35998	LMP2	Latent membrane protein 2
P13285/P62333	EBVB9	P13285	P62333	LMP2	Latent membrane protein 2
P13285/O00487	EBVB9	P13285	O00487	LMP2	Latent membrane protein 2
P13285/Q15008	EBVB9	P13285	Q15008	LMP2	Latent membrane protein 2
P13285/P51665	EBVB9	P13285	P51665	LMP2	Latent membrane protein 2
P13285/P48556	EBVB9	P13285	P48556	LMP2	Latent membrane protein 2
P13285/O00308	EBVB9	P13285	O00308	LMP2	Latent membrane protein 2
P03211/Q02809	EBVB9	P03211	Q02809	EBNA1	Epstein-Barr nuclear antigen 1
P03211/P46778	EBVB9	P03211	P46778	EBNA1	Epstein-Barr nuclear antigen 1
P03211/P62899	EBVB9	P03211	P62899	EBNA1	Epstein-Barr nuclear antigen 1
P03211/P49207	EBVB9	P03211	P49207	EBNA1	Epstein-Barr nuclear antigen 1
P03211/P42766	EBVB9	P03211	P42766	EBNA1	Epstein-Barr nuclear antigen 1
P03211/Q92900	EBVB9	P03211	Q92900	EBNA1	Epstein-Barr nuclear antigen 1
Q8AZK7/P07237	EBVB9	Q8AZK7	P07237	EBNA-LP	Epstein-Barr nuclear antigen leader protein
Q8AZK7/P12004	EBVB9	Q8AZK7	P12004	EBNA-LP	Epstein-Barr nuclear antigen leader protein
Q8AZK7/P40429	EBVB9	Q8AZK7	P40429	EBNA-LP	Epstein-Barr nuclear antigen leader protein
P03177/P40429	EBVB9	P03177	P40429	TK	Thymidine kinase
Q8AZK7/P27708	EBVB9	Q8AZK7	P27708	EBNA-LP	Epstein-Barr nuclear antigen leader protein
Q8AZK7/P26373	EBVB9	Q8AZK7	P26373	EBNA-LP	Epstein-Barr nuclear antigen leader protein
Q8AZK7/O75533	EBVB9	Q8AZK7	O75533	EBNA-LP	Epstein-Barr nuclear antigen leader protein
Q8AZK7/P62424	EBVB9	Q8AZK7	P62424	EBNA-LP	Epstein-Barr nuclear antigen leader protein
Q8AZK7/P61247	EBVB9	Q8AZK7	P61247	EBNA-LP	Epstein-Barr nuclear antigen leader protein
Q8AZK7/P62917	EBVB9	Q8AZK7	P62917	EBNA-LP	Epstein-Barr nuclear antigen leader protein
Q8AZK7/P62753	EBVB9	Q8AZK7	P62753	EBNA-LP	Epstein-Barr nuclear antigen leader protein
Q8AZK7/Q00839	EBVB9	Q8AZK7	Q00839	EBNA-LP	Epstein-Barr nuclear antigen leader protein
Q8AZK7/P22626	EBVB9	Q8AZK7	P22626	EBNA-LP	Epstein-Barr nuclear antigen leader protein
Q8AZK7/P46781	EBVB9	Q8AZK7	P46781	EBNA-LP	Epstein-Barr nuclear antigen leader protein
Q8AZK7/P13010	EBVB9	Q8AZK7	P13010	EBNA-LP	Epstein-Barr nuclear antigen leader protein
P13285/P98194	EBVB9	P13285	P98194	LMP2	Latent membrane protein 2
P13285/P25788	EBVB9	P13285	P25788	LMP2	Latent membrane protein 2
P13285/P60900	EBVB9	P13285	P60900	LMP2	Latent membrane protein 2
P13285/O14818	EBVB9	P13285	O14818	LMP2	Latent membrane protein 2
P13285/P49721	EBVB9	P13285	P49721	LMP2	Latent membrane protein 2
P13285/P49720	EBVB9	P13285	P49720	LMP2	Latent membrane protein 2
P13285/P28070	EBVB9	P13285	P28070	LMP2	Latent membrane protein 2
P13285/P28074	EBVB9	P13285	P28074	LMP2	Latent membrane protein 2
P13285/Q99436	EBVB9	P13285	Q99436	LMP2	Latent membrane protein 2
P13285/P62191	EBVB9	P13285	P62191	LMP2	Latent membrane protein 2
P13285/P17980	EBVB9	P13285	P17980	LMP2	Latent membrane protein 2
P13285/P43686	EBVB9	P13285	P43686	LMP2	Latent membrane protein 2
P13285/P62195	EBVB9	P13285	P62195	LMP2	Latent membrane protein 2
P13285/O43242	EBVB9	P13285	O43242	LMP2	Latent membrane protein 2
P03211/P40429	EBVB9	P03211	P40429	EBNA1	Epstein-Barr nuclear antigen 1
P03211/P46779	EBVB9	P03211	P46779	EBNA1	Epstein-Barr nuclear antigen 1
P03211/P39023	EBVB9	P03211	P39023	EBNA1	Epstein-Barr nuclear antigen 1
P03211/P62847	EBVB9	P03211	P62847	EBNA1	Epstein-Barr nuclear antigen 1
Q8AZK7/Q13200	EBVB9	Q8AZK7	Q13200	EBNA-LP	Epstein-Barr nuclear antigen leader protein
Q8AZK7/P62807	EBVB9	Q8AZK7	P62807	EBNA-LP	Epstein-Barr nuclear antigen leader protein
P13285/Q14517	EBVB9	P13285	Q14517	LMP2	Latent membrane protein 2
P13285/P25786	EBVB9	P13285	P25786	LMP2	Latent membrane protein 2
P13285/P25787	EBVB9	P13285	P25787	LMP2	Latent membrane protein 2
P13285/P25789	EBVB9	P13285	P25789	LMP2	Latent membrane protein 2
P13285/P28066	EBVB9	P13285	P28066	LMP2	Latent membrane protein 2
P13285/P20618	EBVB9	P13285	P20618	LMP2	Latent membrane protein 2
P13285/Q99460	EBVB9	P13285	Q99460	LMP2	Latent membrane protein 2
P03211/P62277	EBVB9	P03211	P62277	EBNA1	Epstein-Barr nuclear antigen 1
P03211/P62081	EBVB9	P03211	P62081	EBNA1	Epstein-Barr nuclear antigen 1
P03177/P07858	EBVB9	P03177	P07858	TK	Thymidine kinase
Q8AZK7/O75643	EBVB9	Q8AZK7	O75643	EBNA-LP	Epstein-Barr nuclear antigen leader protein
P03211/P68400	EBVB9	P03211	P68400	EBNA1	Epstein-Barr nuclear antigen 1
Q8AZK7/P11021	EBVB9	Q8AZK7	P11021	EBNA-LP	Epstein-Barr nuclear antigen leader protein
Q8AZK7/Q00610	EBVB9	Q8AZK7	Q00610	EBNA-LP	Epstein-Barr nuclear antigen leader protein
Q8AZK7/P10809	EBVB9	Q8AZK7	P10809	EBNA-LP	Epstein-Barr nuclear antigen leader protein
Q8AZK7/Q6P2Q9	EBVB9	Q8AZK7	Q6P2Q9	EBNA-LP	Epstein-Barr nuclear antigen leader protein
Q8AZK7/P11142	EBVB9	Q8AZK7	P11142	EBNA-LP	Epstein-Barr nuclear antigen leader protein
Q784Z8/Q9GZX7	HBV	Q784Z8	Q9GZX7	C	Capsid protein
Q784Z8/P31941	HBV	Q784Z8	P31941	C	Capsid protein
Q778I9/Q9H668	HBV	Q778I9	Q9H668	C	Capsid protein
Q778I9/P13987	HBV	Q778I9	P13987	C	Capsid protein
Q784Z8/Q9HC16	HBV	Q784Z8	Q9HC16	C	Capsid protein
Q778I9/P09493	HBV	Q778I9	P09493	C	Capsid protein
Q9QMH9/Q16531	HBV	Q9QMH9	Q16531	X	Protein X
Q4AE16/Q13309	HBV	Q4AE16	Q13309	X	Protein X
Q9QMH9/Q13619	HBV	Q9QMH9	Q13619	X	Protein X
P06463/Q05086	HPV18	P06463	Q05086	E6	Protein E6
P03126/Q05086	HPV16	P03126	Q05086	E6	Protein E6
P06792/Q53FP2	HPV18	P06792	Q53FP2	E5	Probable protein E5
P06792/Q5RI15	HPV18	P06792	Q5RI15	E5	Probable protein E5
P03120/O60885-1	HPV16	P03120	O60885-1	E2	Regulatory protein E2
P06789/Q12824-1	HPV18	P06789	Q12824-1	E1	Replication protein E1
P06792/O60831	HPV18	P06792	O60831	E5	Probable protein E5
P06792/Q9BVG9	HPV18	P06792	Q9BVG9	E5	Probable protein E5
P06792/Q5HYI8	HPV18	P06792	Q5HYI8	E5	Probable protein E5
P06792/Q9H061	HPV18	P06792	Q9H061	E5	Probable protein E5
P06792/Q8WZ71	HPV18	P06792	Q8WZ71	E5	Probable protein E5
P06792/Q7Z7N9	HPV18	P06792	Q7Z7N9	E5	Probable protein E5
P06792/Q6ZT21	HPV18	P06792	Q6ZT21	E5	Probable protein E5
P06792/Q8WUY1	HPV18	P06792	Q8WUY1	E5	Probable protein E5
P06792/Q9UBU6	HPV18	P06792	Q9UBU6	E5	Probable protein E5
P06792/Q14439	HPV18	P06792	Q14439	E5	Probable protein E5
P06792/Q567V2	HPV18	P06792	Q567V2	E5	Probable protein E5
P06792/P84157	HPV18	P06792	P84157	E5	Probable protein E5
P06792/Q9BWM7	HPV18	P06792	Q9BWM7	E5	Probable protein E5
P06792/Q96K37	HPV18	P06792	Q96K37	E5	Probable protein E5
P06792/Q9BVC6	HPV18	P06792	Q9BVC6	E5	Probable protein E5
P06792/Q9NVA4	HPV18	P06792	Q9NVA4	E5	Probable protein E5
P06792/Q8N4L2	HPV18	P06792	Q8N4L2	E5	Probable protein E5
P06792/Q96SL1	HPV18	P06792	Q96SL1	E5	Probable protein E5
P06792/Q8TED1	HPV18	P06792	Q8TED1	E5	Probable protein E5
P06792/Q96AM1	HPV18	P06792	Q96AM1	E5	Probable protein E5
P06792/Q9NRP0	HPV18	P06792	Q9NRP0	E5	Probable protein E5
P06927/Q9UBU6	HPV16	P06927	Q9UBU6	E5	Probable protein E5
P06927/O60831	HPV16	P06927	O60831	E5	Probable protein E5
P06792/Q9HCU5	HPV18	P06792	Q9HCU5	E5	Probable protein E5
P06792/P53801	HPV18	P06792	P53801	E5	Probable protein E5
P06792/Q96AA3	HPV18	P06792	Q96AA3	E5	Probable protein E5
P06792/Q969E2	HPV18	P06792	Q969E2	E5	Probable protein E5
P06792/O15374	HPV18	P06792	O15374	E5	Probable protein E5
P06792/Q6PML9	HPV18	P06792	Q6PML9	E5	Probable protein E5
P06792/Q8NHG7	HPV18	P06792	Q8NHG7	E5	Probable protein E5
P06792/O43759	HPV18	P06792	O43759	E5	Probable protein E5
P06792/Q9Y4P3	HPV18	P06792	Q9Y4P3	E5	Probable protein E5
P06792/P21731	HPV18	P06792	P21731	E5	Probable protein E5
P06792/O15321	HPV18	P06792	O15321	E5	Probable protein E5
P06792/Q9BXJ8	HPV18	P06792	Q9BXJ8	E5	Probable protein E5
P06792/Q6UW68	HPV18	P06792	Q6UW68	E5	Probable protein E5
P06792/Q8NBM4	HPV18	P06792	Q8NBM4	E5	Probable protein E5
P06792/Q9HBM0	HPV18	P06792	Q9HBM0	E5	Probable protein E5
P06792/Q9H2C2	HPV18	P06792	Q9H2C2	E5	Probable protein E5
P06792/P30411	HPV18	P06792	P30411	E5	Probable protein E5
P06792/Q8NC54	HPV18	P06792	Q8NC54	E5	Probable protein E5
P06792/O14735	HPV18	P06792	O14735	E5	Probable protein E5
P06792/Q9NXW2	HPV18	P06792	Q9NXW2	E5	Probable protein E5
P06792/Q9Y2G8	HPV18	P06792	Q9Y2G8	E5	Probable protein E5
P06792/O94919	HPV18	P06792	O94919	E5	Probable protein E5
P06792/Q8N6M3	HPV18	P06792	Q8N6M3	E5	Probable protein E5
P06792/Q9UJ14	HPV18	P06792	Q9UJ14	E5	Probable protein E5
P06792/Q9Y3E0	HPV18	P06792	Q9Y3E0	E5	Probable protein E5
P06792/O60725	HPV18	P06792	O60725	E5	Probable protein E5
P06792/Q70UQ0	HPV18	P06792	Q70UQ0	E5	Probable protein E5
P06792/Q96CX2	HPV18	P06792	Q96CX2	E5	Probable protein E5
P06792/Q14165	HPV18	P06792	Q14165	E5	Probable protein E5
P06792/P30559	HPV18	P06792	P30559	E5	Probable protein E5
P06927/Q96AM1	HPV16	P06927	Q96AM1	E5	Probable protein E5
P06927/Q5HYI8	HPV16	P06927	Q5HYI8	E5	Probable protein E5
P06463/Q9BY21	HPV18	P06463	Q9BY21	E6	Protein E6
P06463/P59190	HPV18	P06463	P59190	E6	Protein E6
P06792/O15173	HPV18	P06792	O15173	E5	Probable protein E5
P06792/Q8IY26	HPV18	P06792	Q8IY26	E5	Probable protein E5
P06792/O15258	HPV18	P06792	O15258	E5	Probable protein E5
P06792/Q96K19	HPV18	P06792	Q96K19	E5	Probable protein E5
P06792/Q99500	HPV18	P06792	Q99500	E5	Probable protein E5
P06792/O75396	HPV18	P06792	O75396	E5	Probable protein E5
P06792/Q9UNL2	HPV18	P06792	Q9UNL2	E5	Probable protein E5
P06792/Q6UWJ1	HPV18	P06792	Q6UWJ1	E5	Probable protein E5
P06792/Q9NVV0	HPV18	P06792	Q9NVV0	E5	Probable protein E5
P06792/Q9BTV4	HPV18	P06792	Q9BTV4	E5	Probable protein E5
P06792/Q15006	HPV18	P06792	Q15006	E5	Probable protein E5
P06792/Q9BQB6	HPV18	P06792	Q9BQB6	E5	Probable protein E5
P06792/Q9BSR8	HPV18	P06792	Q9BSR8	E5	Probable protein E5
P06792/O95674	HPV18	P06792	O95674	E5	Probable protein E5
P06792/P61803	HPV18	P06792	P61803	E5	Probable protein E5
P06792/Q9GZP9	HPV18	P06792	Q9GZP9	E5	Probable protein E5
P06792/Q9Y394	HPV18	P06792	Q9Y394	E5	Probable protein E5
P06792/P48060	HPV18	P06792	P48060	E5	Probable protein E5
P06792/Q9NZH0	HPV18	P06792	Q9NZH0	E5	Probable protein E5
P06792/Q06136	HPV18	P06792	Q06136	E5	Probable protein E5
P06792/Q9C0E8	HPV18	P06792	Q9C0E8	E5	Probable protein E5
P06792/Q8IYS2	HPV18	P06792	Q8IYS2	E5	Probable protein E5
P06792/Q15012	HPV18	P06792	Q15012	E5	Probable protein E5
P06792/O75438	HPV18	P06792	O75438	E5	Probable protein E5
P06927/Q9Y3E0	HPV16	P06927	Q9Y3E0	E5	Probable protein E5
P06927/Q70UQ0	HPV16	P06927	Q70UQ0	E5	Probable protein E5
P06927/Q14165	HPV16	P06927	Q14165	E5	Probable protein E5
P06927/Q9NRP0	HPV16	P06927	Q9NRP0	E5	Probable protein E5
P06927/Q9NXS2	HPV16	P06927	Q9NXS2	E5	Probable protein E5
P06927/Q9UI14	HPV16	P06927	Q9UI14	E5	Probable protein E5
P06927/Q00765	HPV16	P06927	Q00765	E5	Probable protein E5
P06927/O15321	HPV16	P06927	O15321	E5	Probable protein E5
P06927/Q9BVC6	HPV16	P06927	Q9BVC6	E5	Probable protein E5
P06927/Q9NVA4	HPV16	P06927	Q9NVA4	E5	Probable protein E5
P03129/Q96EY1-1	HPV16	P03129	Q96EY1-1	E7	Protein E7
P06792/O00264	HPV18	P06792	O00264	E5	Probable protein E5
P06792/Q96S52	HPV18	P06792	Q96S52	E5	Probable protein E5
P06792/P23219	HPV18	P06792	P23219	E5	Probable protein E5
P06792/Q71UM5	HPV18	P06792	Q71UM5	E5	Probable protein E5
P06792/Q96FQ6	HPV18	P06792	Q96FQ6	E5	Probable protein E5
P06792/Q9NTJ5	HPV18	P06792	Q9NTJ5	E5	Probable protein E5
P06792/P60468	HPV18	P06792	P60468	E5	Probable protein E5
P06792/Q99442	HPV18	P06792	Q99442	E5	Probable protein E5
P06792/Q8NEW0	HPV18	P06792	Q8NEW0	E5	Probable protein E5
P06792/Q9H2V7	HPV18	P06792	Q9H2V7	E5	Probable protein E5
P06792/Q9Y5M8	HPV18	P06792	Q9Y5M8	E5	Probable protein E5
P06792/O15260	HPV18	P06792	O15260	E5	Probable protein E5
P06792/Q9HD45	HPV18	P06792	Q9HD45	E5	Probable protein E5
P06792/Q9UM00	HPV18	P06792	Q9UM00	E5	Probable protein E5
P06792/Q9NX61	HPV18	P06792	Q9NX61	E5	Probable protein E5
P06792/Q9BSA9	HPV18	P06792	Q9BSA9	E5	Probable protein E5
P06792/P57088	HPV18	P06792	P57088	E5	Probable protein E5
P06792/Q8N2K0	HPV18	P06792	Q8N2K0	E5	Probable protein E5
P06792/O95870	HPV18	P06792	O95870	E5	Probable protein E5
P06792/Q9BT22	HPV18	P06792	Q9BT22	E5	Probable protein E5
P06792/Q9NW15	HPV18	P06792	Q9NW15	E5	Probable protein E5
P06792/Q6DD88	HPV18	P06792	Q6DD88	E5	Probable protein E5
P06792/O75964	HPV18	P06792	O75964	E5	Probable protein E5
P06792/Q9HDC9	HPV18	P06792	Q9HDC9	E5	Probable protein E5
P06792/Q5VV42	HPV18	P06792	Q5VV42	E5	Probable protein E5
P06792/Q9Y6K0	HPV18	P06792	Q9Y6K0	E5	Probable protein E5
P06792/Q7KZN9	HPV18	P06792	Q7KZN9	E5	Probable protein E5
P06792/Q9NVH1	HPV18	P06792	Q9NVH1	E5	Probable protein E5
P06792/Q96PE1	HPV18	P06792	Q96PE1	E5	Probable protein E5
P06792/O95297	HPV18	P06792	O95297	E5	Probable protein E5
P06792/Q6PIU2	HPV18	P06792	Q6PIU2	E5	Probable protein E5
P06792/O00483	HPV18	P06792	O00483	E5	Probable protein E5
P06927/Q4ZIN3	HPV16	P06927	Q4ZIN3	E5	Probable protein E5
P06927/Q9NXH8	HPV16	P06927	Q9NXH8	E5	Probable protein E5
P06927/P61803	HPV16	P06927	P61803	E5	Probable protein E5
P06927/Q9GZP9	HPV16	P06927	Q9GZP9	E5	Probable protein E5
P06927/Q9Y2G8	HPV16	P06927	Q9Y2G8	E5	Probable protein E5
P06927/O94919	HPV16	P06927	O94919	E5	Probable protein E5
P06927/Q9UJ14	HPV16	P06927	Q9UJ14	E5	Probable protein E5
P06927/P37059	HPV16	P06927	P37059	E5	Probable protein E5
P06927/O15173	HPV16	P06927	O15173	E5	Probable protein E5
P06927/O15258	HPV16	P06927	O15258	E5	Probable protein E5
P06927/Q9UNL2	HPV16	P06927	Q9UNL2	E5	Probable protein E5
P06927/Q9Y4P3	HPV16	P06927	Q9Y4P3	E5	Probable protein E5
P06927/Q9BTV4	HPV16	P06927	Q9BTV4	E5	Probable protein E5
P06927/Q8NBM4	HPV16	P06927	Q8NBM4	E5	Probable protein E5
P06927/Q9BQB6	HPV16	P06927	Q9BQB6	E5	Probable protein E5
P06927/Q9BSR8	HPV16	P06927	Q9BSR8	E5	Probable protein E5
P06788/Q9UHC7	HPV18	P06788	Q9UHC7	E7	Protein E7
P06788/Q16831	HPV18	P06788	Q16831	E7	Protein E7
P06463/Q14088	HPV18	P06463	Q14088	E6	Protein E6
P06463/Q96EK4	HPV18	P06463	Q96EK4	E6	Protein E6
P06788/Q9H0H3	HPV18	P06788	Q9H0H3	E7	Protein E7
P06788/Q9NP81	HPV18	P06788	Q9NP81	E7	Protein E7
P06788/P49458	HPV18	P06788	P49458	E7	Protein E7
P06792/Q5H8A4	HPV18	P06792	Q5H8A4	E5	Probable protein E5
P06792/Q8TEQ8	HPV18	P06792	Q8TEQ8	E5	Probable protein E5
P06792/Q9H490	HPV18	P06792	Q9H490	E5	Probable protein E5
P06792/Q9P035	HPV18	P06792	Q9P035	E5	Probable protein E5
P06792/Q9Y3E5	HPV18	P06792	Q9Y3E5	E5	Probable protein E5
P06792/Q9NP72	HPV18	P06792	Q9NP72	E5	Probable protein E5
P06792/Q14699	HPV18	P06792	Q14699	E5	Probable protein E5
P06792/O15127	HPV18	P06792	O15127	E5	Probable protein E5
P06792/O14828	HPV18	P06792	O14828	E5	Probable protein E5
P06792/P67812	HPV18	P06792	P67812	E5	Probable protein E5
P06792/Q8NBJ9	HPV18	P06792	Q8NBJ9	E5	Probable protein E5
P06792/Q8TB61	HPV18	P06792	Q8TB61	E5	Probable protein E5
P06792/Q9Y6N5	HPV18	P06792	Q9Y6N5	E5	Probable protein E5
P06792/P51571	HPV18	P06792	P51571	E5	Probable protein E5
P06792/Q96BY9	HPV18	P06792	Q96BY9	E5	Probable protein E5
P06792/Q9Y320	HPV18	P06792	Q9Y320	E5	Probable protein E5
P06792/Q15629	HPV18	P06792	Q15629	E5	Probable protein E5
P06792/Q96IX5	HPV18	P06792	Q96IX5	E5	Probable protein E5
P06792/Q5BJH7	HPV18	P06792	Q5BJH7	E5	Probable protein E5
P06792/O75947	HPV18	P06792	O75947	E5	Probable protein E5
P06792/P00846	HPV18	P06792	P00846	E5	Probable protein E5
P06792/O75110	HPV18	P06792	O75110	E5	Probable protein E5
P06792/Q96G23	HPV18	P06792	Q96G23	E5	Probable protein E5
P06792/P08172	HPV18	P06792	P08172	E5	Probable protein E5
P06792/Q14332	HPV18	P06792	Q14332	E5	Probable protein E5
P06792/O75084	HPV18	P06792	O75084	E5	Probable protein E5
P06792/Q53GQ0	HPV18	P06792	Q53GQ0	E5	Probable protein E5
P06792/P10620	HPV18	P06792	P10620	E5	Probable protein E5
P06792/Q13724	HPV18	P06792	Q13724	E5	Probable protein E5
P06927/Q9NVI7	HPV16	P06927	Q9NVI7	E5	Probable protein E5
P06927/Q6DD88	HPV16	P06927	Q6DD88	E5	Probable protein E5
P06927/Q9HDC9	HPV16	P06927	Q9HDC9	E5	Probable protein E5
P06927/O95674	HPV16	P06927	O95674	E5	Probable protein E5
P06927/Q06136	HPV16	P06927	Q06136	E5	Probable protein E5
P06927/Q9C0E8	HPV16	P06927	Q9C0E8	E5	Probable protein E5
P06927/Q15012	HPV16	P06927	Q15012	E5	Probable protein E5
P06927/Q6PIU2	HPV16	P06927	Q6PIU2	E5	Probable protein E5
P06927/O00483	HPV16	P06927	O00483	E5	Probable protein E5
P06927/Q92643	HPV16	P06927	Q92643	E5	Probable protein E5
P06927/Q96S52	HPV16	P06927	Q96S52	E5	Probable protein E5
P06927/Q96K19	HPV16	P06927	Q96K19	E5	Probable protein E5
P06927/Q96FQ6	HPV16	P06927	Q96FQ6	E5	Probable protein E5
P06927/P60468	HPV16	P06927	P60468	E5	Probable protein E5
P06927/Q99442	HPV16	P06927	Q99442	E5	Probable protein E5
P06927/Q8NEW0	HPV16	P06927	Q8NEW0	E5	Probable protein E5
P06927/Q9H2V7	HPV16	P06927	Q9H2V7	E5	Probable protein E5
P06927/Q9Y5M8	HPV16	P06927	Q9Y5M8	E5	Probable protein E5
P06927/O15260	HPV16	P06927	O15260	E5	Probable protein E5
P06927/Q9HD45	HPV16	P06927	Q9HD45	E5	Probable protein E5
P06927/Q9BSA9	HPV16	P06927	Q9BSA9	E5	Probable protein E5
P06788/P50479	HPV18	P06788	P50479	E7	Protein E7
P06788/Q15005	HPV18	P06788	Q15005	E7	Protein E7
P06463/Q9Y3D0	HPV18	P06463	Q9Y3D0	E6	Protein E6
P06788/P24864	HPV18	P06788	P24864	E7	Protein E7
P06463/Q13227	HPV18	P06463	Q13227	E6	Protein E6
P03129/Q14209	HPV16	P03129	Q14209	E7	Protein E7
P06463/Q4G0F5	HPV18	P06463	Q4G0F5	E6	Protein E6
P06788/Q9P0J7	HPV18	P06788	Q9P0J7	E7	Protein E7
P06792/Q9BZG1	HPV18	P06792	Q9BZG1	E5	Probable protein E5
P06792/Q8IXI2	HPV18	P06792	Q8IXI2	E5	Probable protein E5
P06792/Q8WVM8	HPV18	P06792	Q8WVM8	E5	Probable protein E5
P06792/Q9UGP8	HPV18	P06792	Q9UGP8	E5	Probable protein E5
P06792/P78381	HPV18	P06792	P78381	E5	Probable protein E5
P06792/P08240	HPV18	P06792	P08240	E5	Probable protein E5
P06792/Q9NZ01	HPV18	P06792	Q9NZ01	E5	Probable protein E5
P06792/P42166	HPV18	P06792	P42166	E5	Probable protein E5
P06792/Q9P0L0	HPV18	P06792	Q9P0L0	E5	Probable protein E5
P06792/Q9GZM5	HPV18	P06792	Q9GZM5	E5	Probable protein E5
P06792/Q8NBU5	HPV18	P06792	Q8NBU5	E5	Probable protein E5
P06792/P18859	HPV18	P06792	P18859	E5	Probable protein E5
P06792/P50402	HPV18	P06792	P50402	E5	Probable protein E5
P06792/Q969X5	HPV18	P06792	Q969X5	E5	Probable protein E5
P06792/A0FGR8	HPV18	P06792	A0FGR8	E5	Probable protein E5
P06792/Q96CS3	HPV18	P06792	Q96CS3	E5	Probable protein E5
P06792/Q96TC7	HPV18	P06792	Q96TC7	E5	Probable protein E5
P06792/Q92616	HPV18	P06792	Q92616	E5	Probable protein E5
P06792/O94851	HPV18	P06792	O94851	E5	Probable protein E5
P06792/Q9Y6C9	HPV18	P06792	Q9Y6C9	E5	Probable protein E5
P06792/Q9NX40	HPV18	P06792	Q9NX40	E5	Probable protein E5
P06927/Q8N2K0	HPV16	P06927	Q8N2K0	E5	Probable protein E5
P06927/P00846	HPV16	P06927	P00846	E5	Probable protein E5
P06927/Q5VV42	HPV16	P06927	Q5VV42	E5	Probable protein E5
P06927/P08172	HPV16	P06927	P08172	E5	Probable protein E5
P06927/Q96DZ1	HPV16	P06927	Q96DZ1	E5	Probable protein E5
P06927/Q01628	HPV16	P06927	Q01628	E5	Probable protein E5
P06927/Q9NZJ7	HPV16	P06927	Q9NZJ7	E5	Probable protein E5
P06927/Q9H490	HPV16	P06927	Q9H490	E5	Probable protein E5
P06927/Q9P035	HPV16	P06927	Q9P035	E5	Probable protein E5
P06927/Q9NP72	HPV16	P06927	Q9NP72	E5	Probable protein E5
P06927/P67812	HPV16	P06927	P67812	E5	Probable protein E5
P06927/Q9NZV5	HPV16	P06927	Q9NZV5	E5	Probable protein E5
P06927/Q8NBJ9	HPV16	P06927	Q8NBJ9	E5	Probable protein E5
P06927/Q9Y6N5	HPV16	P06927	Q9Y6N5	E5	Probable protein E5
P06927/P51571	HPV16	P06927	P51571	E5	Probable protein E5
P06927/P57088	HPV16	P06927	P57088	E5	Probable protein E5
P06927/Q96BY9	HPV16	P06927	Q96BY9	E5	Probable protein E5
P06927/Q15629	HPV16	P06927	Q15629	E5	Probable protein E5
P03129/Q9UHR5	HPV16	P03129	Q9UHR5	E7	Protein E7
P03129/Q96EK4	HPV16	P03129	Q96EK4	E7	Protein E7
P06788/Q9UNK0	HPV18	P06788	Q9UNK0	E7	Protein E7
P06463/Q9Y2S7	HPV18	P06463	Q9Y2S7	E6	Protein E6
P06463/O14896	HPV18	P06463	O14896	E6	Protein E6
P06463/Q9Y244	HPV18	P06463	Q9Y244	E6	Protein E6
P06463/Q9Y3C4	HPV18	P06463	Q9Y3C4	E6	Protein E6
P03129/O00716	HPV16	P03129	O00716	E7	Protein E7
P06463/Q8IZ07	HPV18	P06463	Q8IZ07	E6	Protein E6
P06463/O15260	HPV18	P06463	O15260	E6	Protein E6
P06463/O95967	HPV18	P06463	O95967	E6	Protein E6
P06463/P28300	HPV18	P06463	P28300	E6	Protein E6
P06463/Q9UJ70	HPV18	P06463	Q9UJ70	E6	Protein E6
P06463/P35080	HPV18	P06463	P35080	E6	Protein E6
P06463/Q71UM5	HPV18	P06463	Q71UM5	E6	Protein E6
P06788/Q16254	HPV18	P06788	Q16254	E7	Protein E7
P06788/Q08999	HPV18	P06788	Q08999	E7	Protein E7
P06788/Q71UM5	HPV18	P06788	Q71UM5	E7	Protein E7
P06788/Q9Y6N5	HPV18	P06788	Q9Y6N5	E7	Protein E7
P06792/Q969N2	HPV18	P06792	Q969N2	E5	Probable protein E5
P06792/Q8IY17	HPV18	P06792	Q8IY17	E5	Probable protein E5
P06792/Q15165	HPV18	P06792	Q15165	E5	Probable protein E5
P06792/Q8TC12	HPV18	P06792	Q8TC12	E5	Probable protein E5
P06792/Q9NRX5	HPV18	P06792	Q9NRX5	E5	Probable protein E5
P06792/Q9UP95	HPV18	P06792	Q9UP95	E5	Probable protein E5
P06792/Q96BI1	HPV18	P06792	Q96BI1	E5	Probable protein E5
P06792/Q12846	HPV18	P06792	Q12846	E5	Probable protein E5
P06792/Q9HC07	HPV18	P06792	Q9HC07	E5	Probable protein E5
P06792/Q96JJ7	HPV18	P06792	Q96JJ7	E5	Probable protein E5
P06792/P23510	HPV18	P06792	P23510	E5	Probable protein E5
P06792/Q5T9L3	HPV18	P06792	Q5T9L3	E5	Probable protein E5
P06792/P28288	HPV18	P06792	P28288	E5	Probable protein E5
P06792/O43306	HPV18	P06792	O43306	E5	Probable protein E5
P06792/Q4KMQ2	HPV18	P06792	Q4KMQ2	E5	Probable protein E5
P06792/Q9HD20	HPV18	P06792	Q9HD20	E5	Probable protein E5
P06792/Q08722	HPV18	P06792	Q08722	E5	Probable protein E5
P06792/O96005	HPV18	P06792	O96005	E5	Probable protein E5
P06792/Q14318	HPV18	P06792	Q14318	E5	Probable protein E5
P06792/O60353	HPV18	P06792	O60353	E5	Probable protein E5
P06792/O43292	HPV18	P06792	O43292	E5	Probable protein E5
P06792/Q8TCT9	HPV18	P06792	Q8TCT9	E5	Probable protein E5
P06792/P28331	HPV18	P06792	P28331	E5	Probable protein E5
P06792/Q96AQ6	HPV18	P06792	Q96AQ6	E5	Probable protein E5
P06927/P18859	HPV16	P06927	P18859	E5	Probable protein E5
P06927/P50402	HPV16	P06927	P50402	E5	Probable protein E5
P06927/Q969X5	HPV16	P06927	Q969X5	E5	Probable protein E5
P06927/A0FGR8	HPV16	P06927	A0FGR8	E5	Probable protein E5
P06927/Q96CS3	HPV16	P06927	Q96CS3	E5	Probable protein E5
P06927/Q14332	HPV16	P06927	Q14332	E5	Probable protein E5
P06927/O60353	HPV16	P06927	O60353	E5	Probable protein E5
P06927/O43292	HPV16	P06927	O43292	E5	Probable protein E5
P06927/O94851	HPV16	P06927	O94851	E5	Probable protein E5
P06927/Q9Y6C9	HPV16	P06927	Q9Y6C9	E5	Probable protein E5
P06927/Q15165	HPV16	P06927	Q15165	E5	Probable protein E5
P06927/O95470	HPV16	P06927	O95470	E5	Probable protein E5
P06927/Q9UP95	HPV16	P06927	Q9UP95	E5	Probable protein E5
P06927/Q9NZ01	HPV16	P06927	Q9NZ01	E5	Probable protein E5
P06927/Q6NUQ4	HPV16	P06927	Q6NUQ4	E5	Probable protein E5
P06927/P42166	HPV16	P06927	P42166	E5	Probable protein E5
P06927/Q96JJ7	HPV16	P06927	Q96JJ7	E5	Probable protein E5
P06927/O75762	HPV16	P06927	O75762	E5	Probable protein E5
P06927/Q9GZM5	HPV16	P06927	Q9GZM5	E5	Probable protein E5
P06790/P09496	HPV18	P06790	P09496	E2	Regulatory protein E2
P06790/O95235	HPV18	P06790	O95235	E2	Regulatory protein E2
P06790/Q96JC1	HPV18	P06790	Q96JC1	E2	Regulatory protein E2
P06790/Q8N1B4	HPV18	P06790	Q8N1B4	E2	Regulatory protein E2
P03129/Q9UHC7	HPV16	P03129	Q9UHC7	E7	Protein E7
P03129/Q9NQ31	HPV16	P03129	Q9NQ31	E7	Protein E7
P03129/P50479	HPV16	P03129	P50479	E7	Protein E7
P03129/Q16831	HPV16	P03129	Q16831	E7	Protein E7
P03129/Q14168	HPV16	P03129	Q14168	E7	Protein E7
P03129/Q15005	HPV16	P03129	Q15005	E7	Protein E7
P03129/O94842	HPV16	P03129	O94842	E7	Protein E7
P06788/P28749	HPV18	P06788	P28749	E7	Protein E7
P03126/P59190	HPV16	P03126	P59190	E6	Protein E6
P06463/P55327	HPV18	P06463	P55327	E6	Protein E6
P06463/O95551	HPV18	P06463	O95551	E6	Protein E6
P06463/Q9UBE0	HPV18	P06463	Q9UBE0	E6	Protein E6
P06463/Q96F44	HPV18	P06463	Q96F44	E6	Protein E6
P06463/O43760	HPV18	P06463	O43760	E6	Protein E6
P06463/P32942	HPV18	P06463	P32942	E6	Protein E6
P03126/Q9UHV2	HPV16	P03126	Q9UHV2	E6	Protein E6
P06789/P09914	HPV18	P06789	P09914	E1	Replication protein E1
P03129/Q16254	HPV16	P03129	Q16254	E7	Protein E7
P03129/O96020	HPV16	P03129	O96020	E7	Protein E7
P06463/P09543	HPV18	P06463	P09543	E6	Protein E6
P06463/Q13425	HPV18	P06463	Q13425	E6	Protein E6
P06463/Q14192	HPV18	P06463	Q14192	E6	Protein E6
P06463/Q92616	HPV18	P06463	Q92616	E6	Protein E6
P06463/Q9Y6N5	HPV18	P06463	Q9Y6N5	E6	Protein E6
P06463/O75436	HPV18	P06463	O75436	E6	Protein E6
P06463/Q15942	HPV18	P06463	Q15942	E6	Protein E6
P06788/O14579	HPV18	P06788	O14579	E7	Protein E7
P06788/Q15678	HPV18	P06788	Q15678	E7	Protein E7
P06792/O60664	HPV18	P06792	O60664	E5	Probable protein E5
P06792/P49810	HPV18	P06792	P49810	E5	Probable protein E5
P06792/P62834	HPV18	P06792	P62834	E5	Probable protein E5
P06792/Q99584	HPV18	P06792	Q99584	E5	Probable protein E5
P06792/P61619	HPV18	P06792	P61619	E5	Probable protein E5
P06792/P07093	HPV18	P06792	P07093	E5	Probable protein E5
P06792/Q9UJZ1	HPV18	P06792	Q9UJZ1	E5	Probable protein E5
P06792/Q8TCJ2	HPV18	P06792	Q8TCJ2	E5	Probable protein E5
P06792/Q03518	HPV18	P06792	Q03518	E5	Probable protein E5
P06792/O15533	HPV18	P06792	O15533	E5	Probable protein E5
P06792/Q9Y5S1	HPV18	P06792	Q9Y5S1	E5	Probable protein E5
P06792/Q9H1C4	HPV18	P06792	Q9H1C4	E5	Probable protein E5
P06792/P33897	HPV18	P06792	P33897	E5	Probable protein E5
P06792/P36542	HPV18	P06792	P36542	E5	Probable protein E5
P06792/P24539	HPV18	P06792	P24539	E5	Probable protein E5
P06792/P48047	HPV18	P06792	P48047	E5	Probable protein E5
P06792/P00403	HPV18	P06792	P00403	E5	Probable protein E5
P06792/P50416	HPV18	P06792	P50416	E5	Probable protein E5
P06792/O95864	HPV18	P06792	O95864	E5	Probable protein E5
P06792/P25445	HPV18	P06792	P25445	E5	Probable protein E5
P06792/P30519	HPV18	P06792	P30519	E5	Probable protein E5
P06792/Q7Z434	HPV18	P06792	Q7Z434	E5	Probable protein E5
P06792/Q96N66	HPV18	P06792	Q96N66	E5	Probable protein E5
P06927/Q9UKV5	HPV16	P06927	Q9UKV5	E5	Probable protein E5
P06927/Q9HD20	HPV16	P06927	Q9HD20	E5	Probable protein E5
P06927/P48047	HPV16	P06927	P48047	E5	Probable protein E5
P06927/O96005	HPV16	P06927	O96005	E5	Probable protein E5
P06927/O75477	HPV16	P06927	O75477	E5	Probable protein E5
P06927/Q8TCT9	HPV16	P06927	Q8TCT9	E5	Probable protein E5
P06927/Q969N2	HPV16	P06927	Q969N2	E5	Probable protein E5
P06927/Q99584	HPV16	P06927	Q99584	E5	Probable protein E5
P06927/Q15858	HPV16	P06927	Q15858	E5	Probable protein E5
P06927/Q8TCJ2	HPV16	P06927	Q8TCJ2	E5	Probable protein E5
P06927/Q9HC07	HPV16	P06927	Q9HC07	E5	Probable protein E5
P06927/Q9Y5S1	HPV16	P06927	Q9Y5S1	E5	Probable protein E5
P03120/Q8N1B4	HPV16	P03120	Q8N1B4	E2	Regulatory protein E2
P03129/Q9NXH8	HPV16	P03129	Q9NXH8	E7	Protein E7
P03129/Q2M2I8	HPV16	P03129	Q2M2I8	E7	Protein E7
P03129/Q15329	HPV16	P03129	Q15329	E7	Protein E7
P03129/Q9P0J7	HPV16	P03129	Q9P0J7	E7	Protein E7
P03129/Q16825	HPV16	P03129	Q16825	E7	Protein E7
P03120/P41229	HPV16	P03120	P41229	E2	Regulatory protein E2
P03129/Q99729	HPV16	P03129	Q99729	E7	Protein E7
P03129/P17936	HPV16	P03129	P17936	E7	Protein E7
P03129/Q9Y6Q5	HPV16	P03129	Q9Y6Q5	E7	Protein E7
P03129/Q9UNK0	HPV16	P03129	Q9UNK0	E7	Protein E7
P06788/Q9UBS4	HPV18	P06788	Q9UBS4	E7	Protein E7
P06788/P04632	HPV18	P06788	P04632	E7	Protein E7
P03126/Q8IYJ3	HPV16	P03126	Q8IYJ3	E6	Protein E6
P03126/Q96EK4	HPV16	P03126	Q96EK4	E6	Protein E6
P06463/P35250	HPV18	P06463	P35250	E6	Protein E6
P06463/Q96QZ7	HPV18	P06463	Q96QZ7	E6	Protein E6
P06463/P05549	HPV18	P06463	P05549	E6	Protein E6
P06790/P17676	HPV18	P06790	P17676	E2	Regulatory protein E2
P06790/P55209	HPV18	P06790	P55209	E2	Regulatory protein E2
P03126/O14907	HPV16	P03126	O14907	E6	Protein E6
P03129/Q14978	HPV16	P03129	Q14978	E7	Protein E7
P03129/P28749	HPV16	P03129	P28749	E7	Protein E7
P03129/Q14188	HPV16	P03129	Q14188	E7	Protein E7
P06463/Q01813	HPV18	P06463	Q01813	E6	Protein E6
P06463/P63151	HPV18	P06463	P63151	E6	Protein E6
P06463/Q96L92	HPV18	P06463	Q96L92	E6	Protein E6
P06463/Q9BS26	HPV18	P06463	Q9BS26	E6	Protein E6
P06463/Q9UBQ0	HPV18	P06463	Q9UBQ0	E6	Protein E6
P06788/O15235	HPV18	P06788	O15235	E7	Protein E7
P06788/Q8N474	HPV18	P06788	Q8N474	E7	Protein E7
P06788/Q14186	HPV18	P06788	Q14186	E7	Protein E7
P06792/O15427	HPV18	P06792	O15427	E5	Probable protein E5
P06792/Q9HBR0	HPV18	P06792	Q9HBR0	E5	Probable protein E5
P06792/P49755	HPV18	P06792	P49755	E5	Probable protein E5
P06792/Q92973	HPV18	P06792	Q92973	E5	Probable protein E5
P06792/Q13443	HPV18	P06792	Q13443	E5	Probable protein E5
P06792/P21964	HPV18	P06792	P21964	E5	Probable protein E5
P06792/Q6UVK1	HPV18	P06792	Q6UVK1	E5	Probable protein E5
P06792/P39656	HPV18	P06792	P39656	E5	Probable protein E5
P06792/Q15392	HPV18	P06792	Q15392	E5	Probable protein E5
P06792/P25116	HPV18	P06792	P25116	E5	Probable protein E5
P06792/Q10472	HPV18	P06792	Q10472	E5	Probable protein E5
P06792/P17302	HPV18	P06792	P17302	E5	Probable protein E5
P06927/Q96S66	HPV16	P06927	Q96S66	E5	Probable protein E5
P06927/P00403	HPV16	P06927	P00403	E5	Probable protein E5
P06927/P50416	HPV16	P06927	P50416	E5	Probable protein E5
P06927/O94905	HPV16	P06927	O94905	E5	Probable protein E5
P06927/P25116	HPV16	P06927	P25116	E5	Probable protein E5
P06927/Q7Z434	HPV16	P06927	Q7Z434	E5	Probable protein E5
P06927/Q96N66	HPV16	P06927	Q96N66	E5	Probable protein E5
P06927/P07093	HPV16	P06927	P07093	E5	Probable protein E5
P06927/O15427	HPV16	P06927	O15427	E5	Probable protein E5
P06927/Q03518	HPV16	P06927	Q03518	E5	Probable protein E5
P06927/O15533	HPV16	P06927	O15533	E5	Probable protein E5
P03129/P30281	HPV16	P03129	P30281	E7	Protein E7
P03129/P24864	HPV16	P03129	P24864	E7	Protein E7
P03129/P09543	HPV16	P03129	P09543	E7	Protein E7
P03129/Q15678	HPV16	P03129	Q15678	E7	Protein E7
P03129/Q08999	HPV16	P03129	Q08999	E7	Protein E7
P03129/Q9Y6N5	HPV16	P03129	Q9Y6N5	E7	Protein E7
P03129/Q7Z7L7	HPV16	P03129	Q7Z7L7	E7	Protein E7
P03129/P51784	HPV16	P03129	P51784	E7	Protein E7
P03129/Q9UBS4	HPV16	P03129	Q9UBS4	E7	Protein E7
P03129/Q96EY1	HPV16	P03129	Q96EY1	E7	Protein E7
P03129/P05549	HPV16	P03129	P05549	E7	Protein E7
P03129/P04632	HPV16	P03129	P04632	E7	Protein E7
P03129/P25106	HPV16	P03129	P25106	E7	Protein E7
P03126/O75528	HPV16	P03126	O75528	E6	Protein E6
P03126/O14896	HPV16	P03126	O14896	E6	Protein E6
P03126/O95905	HPV16	P03126	O95905	E6	Protein E6
P03126/Q9Y2S7	HPV16	P03126	Q9Y2S7	E6	Protein E6
P03126/Q9Y244	HPV16	P03126	Q9Y244	E6	Protein E6
P06463/O00303	HPV18	P06463	O00303	E6	Protein E6
P06463/Q9NYY3	HPV18	P06463	Q9NYY3	E6	Protein E6
P06463/Q13158	HPV18	P06463	Q13158	E6	Protein E6
P03120/Q92547	HPV16	P03120	Q92547	E2	Regulatory protein E2
P03129/Q01094	HPV16	P03129	Q01094	E7	Protein E7
P06790/Q92831	HPV18	P06790	Q92831	E2	Regulatory protein E2
P06463/O95817	HPV18	P06463	O95817	E6	Protein E6
P06463/P12110	HPV18	P06463	P12110	E6	Protein E6
P06463/Q14393	HPV18	P06463	Q14393	E6	Protein E6
P06788/Q14393	HPV18	P06788	Q14393	E7	Protein E7
P06792/Q99623	HPV18	P06792	Q99623	E5	Probable protein E5
P06792/Q13563	HPV18	P06792	Q13563	E5	Probable protein E5
P06792/O00391	HPV18	P06792	O00391	E5	Probable protein E5
P06792/P11166	HPV18	P06792	P11166	E5	Probable protein E5
P06792/P04920	HPV18	P06792	P04920	E5	Probable protein E5
P06792/P46977	HPV18	P06792	P46977	E5	Probable protein E5
P06792/Q03519	HPV18	P06792	Q03519	E5	Probable protein E5
P06792/Q9HBA0	HPV18	P06792	Q9HBA0	E5	Probable protein E5
P06792/Q12797	HPV18	P06792	Q12797	E5	Probable protein E5
P06792/P23634	HPV18	P06792	P23634	E5	Probable protein E5
P06792/Q16891	HPV18	P06792	Q16891	E5	Probable protein E5
P06792/Q6IAA8	HPV18	P06792	Q6IAA8	E5	Probable protein E5
P06927/P23634	HPV16	P06927	P23634	E5	Probable protein E5
P06927/Q6UVK1	HPV16	P06927	Q6UVK1	E5	Probable protein E5
P06927/P39656	HPV16	P06927	P39656	E5	Probable protein E5
P06927/Q15392	HPV16	P06927	Q15392	E5	Probable protein E5
P06927/P17302	HPV16	P06927	P17302	E5	Probable protein E5
P06927/Q99623	HPV16	P06927	Q99623	E5	Probable protein E5
P06927/Q6NZI2	HPV16	P06927	Q6NZI2	E5	Probable protein E5
P06927/O00767	HPV16	P06927	O00767	E5	Probable protein E5
P06927/P04920	HPV16	P06927	P04920	E5	Probable protein E5
P06927/Q9HBA0	HPV16	P06927	Q9HBA0	E5	Probable protein E5
P03129/Q14186	HPV16	P03129	Q14186	E7	Protein E7
P03129/P26641	HPV16	P03129	P26641	E7	Protein E7
P06788/Q13362	HPV18	P06788	Q13362	E7	Protein E7
P03126/O95551	HPV16	P03126	O95551	E6	Protein E6
P03126/Q9UBE0	HPV16	P03126	Q9UBE0	E6	Protein E6
P06463/Q14671	HPV18	P06463	Q14671	E6	Protein E6
P06463/P36507	HPV18	P06463	P36507	E6	Protein E6
P03129/P05412	HPV16	P03129	P05412	E7	Protein E7
P03129/O15111	HPV16	P03129	O15111	E7	Protein E7
P06463/Q9UHD8	HPV18	P06463	Q9UHD8	E6	Protein E6
P06463/P31689	HPV18	P06463	P31689	E6	Protein E6
P06463/O00469	HPV18	P06463	O00469	E6	Protein E6
P06792/Q9NQC3	HPV18	P06792	Q9NQC3	E5	Probable protein E5
P06792/P16615	HPV18	P06792	P16615	E5	Probable protein E5
P06792/Q9Y653	HPV18	P06792	Q9Y653	E5	Probable protein E5
P06792/Q92633	HPV18	P06792	Q92633	E5	Probable protein E5
P06792/P50281	HPV18	P06792	P50281	E5	Probable protein E5
P06927/Q13563	HPV16	P06927	Q13563	E5	Probable protein E5
P06927/P11166	HPV16	P06927	P11166	E5	Probable protein E5
P06927/P46977	HPV16	P06927	P46977	E5	Probable protein E5
P03129/P11802	HPV16	P03129	P11802	E7	Protein E7
P03120/Q96L91	HPV16	P03120	Q96L91	E2	Regulatory protein E2
P06463/Q9NQC7	HPV18	P06463	Q9NQC7	E6	Protein E6
P06788/P16144	HPV18	P06788	P16144	E7	Protein E7
P06788/P13667	HPV18	P06788	P13667	E7	Protein E7
P03126/P05549	HPV16	P03126	P05549	E6	Protein E6
P03126/Q14188	HPV16	P03126	Q14188	E6	Protein E6
P03126/Q96QZ7	HPV16	P03126	Q96QZ7	E6	Protein E6
P06463/Q14160	HPV18	P06463	Q14160	E6	Protein E6
P06463/P38936	HPV18	P06463	P38936	E6	Protein E6
P03129/P38936	HPV16	P03129	P38936	E7	Protein E7
P03126/Q13158	HPV16	P03126	Q13158	E6	Protein E6
P03126/P19438	HPV16	P03126	P19438	E6	Protein E6
P06463/P55036	HPV18	P06463	P55036	E6	Protein E6
P06792/Q92508	HPV18	P06792	Q92508	E5	Probable protein E5
P06792/Q01650	HPV18	P06792	Q01650	E5	Probable protein E5
P06792/P27105	HPV18	P06792	P27105	E5	Probable protein E5
P06792/O15439	HPV18	P06792	O15439	E5	Probable protein E5
P06792/P04114	HPV18	P06792	P04114	E5	Probable protein E5
P06792/P10909	HPV18	P06792	P10909	E5	Probable protein E5
P06927/P16615	HPV16	P06927	P16615	E5	Probable protein E5
P06927/P50281	HPV16	P06927	P50281	E5	Probable protein E5
P06927/Q9NQC3	HPV16	P06927	Q9NQC3	E5	Probable protein E5
P06788/Q86WV6	HPV18	P06788	Q86WV6	E7	Protein E7
P03129/Q9NRY4	HPV16	P03129	Q9NRY4	E7	Protein E7
P03126/P27635	HPV16	P03126	P27635	E6	Protein E6
P03126/Q15022	HPV16	P03126	Q15022	E6	Protein E6
P03129/P67775	HPV16	P03129	P67775	E7	Protein E7
P06463/P16615	HPV18	P06463	P16615	E6	Protein E6
P06463/Q9Y678	HPV18	P06463	Q9Y678	E6	Protein E6
P06463/P27816	HPV18	P06463	P27816	E6	Protein E6
P06788/P42677	HPV18	P06788	P42677	E7	Protein E7
P06792/Q8IV08	HPV18	P06792	Q8IV08	E5	Probable protein E5
P06792/P04844	HPV18	P06792	P04844	E5	Probable protein E5
P06792/Q15758	HPV18	P06792	Q15758	E5	Probable protein E5
P06792/Q03135	HPV18	P06792	Q03135	E5	Probable protein E5
P06792/P53621	HPV18	P06792	P53621	E5	Probable protein E5
P06927/O15439	HPV16	P06927	O15439	E5	Probable protein E5
P06927/P04114	HPV16	P06927	P04114	E5	Probable protein E5
P06927/Q9NZM1	HPV16	P06927	Q9NZM1	E5	Probable protein E5
P06927/Q92508	HPV16	P06927	Q92508	E5	Probable protein E5
P06927/P46778	HPV16	P06927	P46778	E5	Probable protein E5
P06927/P04844	HPV16	P06927	P04844	E5	Probable protein E5
P06927/Q01650	HPV16	P06927	Q01650	E5	Probable protein E5
P06927/P27105	HPV16	P06927	P27105	E5	Probable protein E5
P03129/O95782	HPV16	P03129	O95782	E7	Protein E7
P03129/Q96CW1	HPV16	P03129	Q96CW1	E7	Protein E7
P03129/Q00535	HPV16	P03129	Q00535	E7	Protein E7
P03129/P16144	HPV16	P03129	P16144	E7	Protein E7
P06788/P29590	HPV18	P06788	P29590	E7	Protein E7
P06788/P06400	HPV18	P06788	P06400	E7	Protein E7
P03126/P18848	HPV16	P03126	P18848	E6	Protein E6
P03126/Q14671	HPV16	P03126	Q14671	E6	Protein E6
P06463/Q13485	HPV18	P06463	Q13485	E6	Protein E6
P03126/P01106	HPV16	P03126	P01106	E6	Protein E6
P03129/Q13547	HPV16	P03129	Q13547	E7	Protein E7
P03129/P06400	HPV16	P03129	P06400	E7	Protein E7
P06463/P42677	HPV18	P06463	P42677	E6	Protein E6
P06463/Q9NZM1	HPV18	P06463	Q9NZM1	E6	Protein E6
P06463/Q9Y230	HPV18	P06463	Q9Y230	E6	Protein E6
P06788/P53621	HPV18	P06788	P53621	E7	Protein E7
P06788/P46778	HPV18	P06788	P46778	E7	Protein E7
P06792/O15031	HPV18	P06792	O15031	E5	Probable protein E5
P06792/P33527	HPV18	P06792	P33527	E5	Probable protein E5
P06792/P27824	HPV18	P06792	P27824	E5	Probable protein E5
P06792/P16070	HPV18	P06792	P16070	E5	Probable protein E5
P06927/Q03135	HPV16	P06927	Q03135	E5	Probable protein E5
P06927/Q9H7F0	HPV16	P06927	Q9H7F0	E5	Probable protein E5
P06927/P53621	HPV16	P06927	P53621	E5	Probable protein E5
P06927/Q8IV08	HPV16	P06927	Q8IV08	E5	Probable protein E5
P06927/Q15758	HPV16	P06927	Q15758	E5	Probable protein E5
P03129/Q9UQ35	HPV16	P03129	Q9UQ35	E7	Protein E7
P03126/Q9NQC7	HPV16	P03126	Q9NQC7	E6	Protein E6
P03129/P29590	HPV16	P03129	P29590	E7	Protein E7
P03126/P38936	HPV16	P03126	P38936	E6	Protein E6
P03126/Q14160	HPV16	P03126	Q14160	E6	Protein E6
P06463/P29597	HPV18	P06463	P29597	E6	Protein E6
P03129/P20248	HPV16	P03129	P20248	E7	Protein E7
P03129/P06493	HPV16	P03129	P06493	E7	Protein E7
P06463/P62333	HPV18	P06463	P62333	E6	Protein E6
P06463/O00487	HPV18	P06463	O00487	E6	Protein E6
P06463/P51665	HPV18	P06463	P51665	E6	Protein E6
P06463/P48556	HPV18	P06463	P48556	E6	Protein E6
P06463/P46939	HPV18	P06463	P46939	E6	Protein E6
P06463/Q9UNM6	HPV18	P06463	Q9UNM6	E6	Protein E6
P06463/Q15008	HPV18	P06463	Q15008	E6	Protein E6
P06463/P10644	HPV18	P06463	P10644	E6	Protein E6
P06463/Q96QK1	HPV18	P06463	Q96QK1	E6	Protein E6
P06792/P30101	HPV18	P06792	P30101	E5	Probable protein E5
P06792/P98194	HPV18	P06792	P98194	E5	Probable protein E5
P06927/P16070	HPV16	P06927	P16070	E5	Probable protein E5
P06927/P33527	HPV16	P06927	P33527	E5	Probable protein E5
P06927/P98194	HPV16	P06927	P98194	E5	Probable protein E5
P06927/P27824	HPV16	P06927	P27824	E5	Probable protein E5
P06927/P40429	HPV16	P06927	P40429	E5	Probable protein E5
P06788/P39023	HPV18	P06788	P39023	E7	Protein E7
P06788/P12004	HPV18	P06788	P12004	E7	Protein E7
P03126/O43166	HPV16	P03126	O43166	E6	Protein E6
P03126/P52292	HPV16	P03126	P52292	E6	Protein E6
P03126/Q13485	HPV16	P03126	Q13485	E6	Protein E6
P06463/O14773	HPV18	P06463	O14773	E6	Protein E6
P06463/P07339	HPV18	P06463	P07339	E6	Protein E6
P06463/P38398	HPV18	P06463	P38398	E6	Protein E6
P03129/P38398	HPV16	P03129	P38398	E7	Protein E7
P06463/O95714	HPV18	P06463	O95714	E6	Protein E6
P06463/P30153	HPV18	P06463	P30153	E6	Protein E6
P06463/P28070	HPV18	P06463	P28070	E6	Protein E6
P06463/P62191	HPV18	P06463	P62191	E6	Protein E6
P06463/P35998	HPV18	P06463	P35998	E6	Protein E6
P06463/P17980	HPV18	P06463	P17980	E6	Protein E6
P06463/P43686	HPV18	P06463	P43686	E6	Protein E6
P06463/P62195	HPV18	P06463	P62195	E6	Protein E6
P06463/O43242	HPV18	P06463	O43242	E6	Protein E6
P06463/O00231	HPV18	P06463	O00231	E6	Protein E6
P06463/P30101	HPV18	P06463	P30101	E6	Protein E6
P06788/Q15369	HPV18	P06788	Q15369	E7	Protein E7
P06927/P30101	HPV16	P06927	P30101	E5	Probable protein E5
P03129/P12004	HPV16	P03129	P12004	E7	Protein E7
P03129/P35998	HPV16	P03129	P35998	E7	Protein E7
P03129/Q15370	HPV16	P03129	Q15370	E7	Protein E7
P03129/P39023	HPV16	P03129	P39023	E7	Protein E7
P03129/O60814	HPV16	P03129	O60814	E7	Protein E7
P06788/P20618	HPV18	P06788	P20618	E7	Protein E7
P06463/P20618	HPV18	P06463	P20618	E6	Protein E6
P06463/P28074	HPV18	P06463	P28074	E6	Protein E6
P06790/Q09472	HPV18	P06790	Q09472	E2	Regulatory protein E2
P03129/P30153	HPV16	P03129	P30153	E7	Protein E7
P03126/P38398	HPV16	P03126	P38398	E6	Protein E6
P06463/P28066	HPV18	P06463	P28066	E6	Protein E6
P06463/P60900	HPV18	P06463	P60900	E6	Protein E6
P06463/Q99460	HPV18	P06463	Q99460	E6	Protein E6
P06463/P25789	HPV18	P06463	P25789	E6	Protein E6
P06463/P07858	HPV18	P06463	P07858	E6	Protein E6
P06792/P08195	HPV18	P06792	P08195	E5	Probable protein E5
P06792/P05556	HPV18	P06792	P05556	E5	Probable protein E5
P06927/P05556	HPV16	P06927	P05556	E5	Probable protein E5
P06927/P08195	HPV16	P06927	P08195	E5	Probable protein E5
P03129/Q15369	HPV16	P03129	Q15369	E7	Protein E7
P03129/P20618	HPV16	P03129	P20618	E7	Protein E7
P06788/P68104	HPV18	P06788	P68104	E7	Protein E7
P03126/P28074	HPV16	P03126	P28074	E6	Protein E6
P03129/Q09472	HPV16	P03129	Q09472	E7	Protein E7
P03129/P68104	HPV16	P03129	P68104	E7	Protein E7
P03126/P20618	HPV16	P03126	P20618	E6	Protein E6
P06463/P23458	HPV18	P06463	P23458	E6	Protein E6
P06788/Q5T4S7	HPV18	P06788	Q5T4S7	E7	Protein E7
P03129/P06733	HPV16	P03129	P06733	E7	Protein E7
P03129/Q5T4S7	HPV16	P03129	Q5T4S7	E7	Protein E7
P03129/P23458	HPV16	P03129	P23458	E7	Protein E7
P06792/P05023	HPV18	P06792	P05023	E5	Probable protein E5
P06927/P05023	HPV16	P06927	P05023	E5	Probable protein E5
P03129/P14618	HPV16	P03129	P14618	E7	Protein E7
P06788/P14618	HPV18	P06788	P14618	E7	Protein E7
P06792/P18031	HPV18	P06792	P18031	E5	Probable protein E5
P06927/P18031	HPV16	P06927	P18031	E5	Probable protein E5
P06927/P11717	HPV16	P06927	P11717	E5	Probable protein E5
P03129/P24941	HPV16	P03129	P24941	E7	Protein E7
P06463/P04637	HPV18	P06463	P04637	E6	Protein E6
P06788/P60709	HPV18	P06788	P60709	E7	Protein E7
P03120/P04637	HPV16	P03120	P04637	E2	Regulatory protein E2
P03126/P04637	HPV16	P03126	P04637	E6	Protein E6
P03129/P60709	HPV16	P03129	P60709	E7	Protein E7
P03120/O60885	HPV16	P03120	O60885	E2	Regulatory protein E2
P06463/Q14204	HPV18	P06463	Q14204	E6	Protein E6
P0C745/Q8N1K5	HTL1C	P0C745	Q8N1K5	HBZ	HTLV-1 basic zipper factor
P14079/Q6PF05	HTL1C	P14079	Q6PF05	tax	Protein Tax-1
P14079/Q9H4K1	HTL1C	P14079	Q9H4K1	tax	Protein Tax-1
P14079/Q8N883	HTL1C	P14079	Q8N883	tax	Protein Tax-1
P14079/Q9BY27	HTL1C	P14079	Q9BY27	tax	Protein Tax-1
P14079/Q969F0	HTL1C	P14079	Q969F0	tax	Protein Tax-1
P14079/Q969H6	HTL1C	P14079	Q969H6	tax	Protein Tax-1
P14079/Q6ZVK8	HTL1C	P14079	Q6ZVK8	tax	Protein Tax-1
P14079/Q92546	HTL1C	P14079	Q92546	tax	Protein Tax-1
P14079/Q5T8I9	HTL1C	P14079	Q5T8I9	tax	Protein Tax-1
P14079/P19013	HTL1C	P14079	P19013	tax	Protein Tax-1
P14079/P19012	HTL1C	P14079	P19012	tax	Protein Tax-1
P14079/P78560	HTL1C	P14079	P78560	tax	Protein Tax-1
P14079/O14595	HTL1C	P14079	O14595	tax	Protein Tax-1
P14079/O15287	HTL1C	P14079	O15287	tax	Protein Tax-1
P14079/Q53HC0	HTL1C	P14079	Q53HC0	tax	Protein Tax-1
P03409/Q01085	HTL1A	P03409	Q01085	tax	Protein Tax-1
P14079/P43268	HTL1C	P14079	P43268	tax	Protein Tax-1
P14079/Q33E94	HTL1C	P14079	Q33E94	tax	Protein Tax-1
P14079/Q9GZT8	HTL1C	P14079	Q9GZT8	tax	Protein Tax-1
P14079/P82932	HTL1C	P14079	P82932	tax	Protein Tax-1
P14079/Q96MT8	HTL1C	P14079	Q96MT8	tax	Protein Tax-1
P03409/Q13283	HTL1A	P03409	Q13283	tax	Protein Tax-1
P03409/O14920	HTL1A	P03409	O14920	tax	Protein Tax-1
P14079/Q8IZQ1	HTL1C	P14079	Q8IZQ1	tax	Protein Tax-1
P14079/Q9NP87	HTL1C	P14079	Q9NP87	tax	Protein Tax-1
P14079/P29474	HTL1C	P14079	P29474	tax	Protein Tax-1
P03409/Q9UBN7	HTL1A	P03409	Q9UBN7	tax	Protein Tax-1
P14079/P05787	HTL1C	P14079	P05787	tax	Protein Tax-1
F5HBQ9/P82909	HHV8	F5HBQ9	P82909	ORF70	Thymidylate synthase
E5LBT9/O15131	HHV8	E5LBT9	O15131	orf17	Capsid scaffolding protein
Q76RH3/Q5QP82	HHV8	Q76RH3	Q5QP82	ORF38	Cytoplasmic envelopment protein 3
Q76RH3/Q9BTE7	HHV8	Q76RH3	Q9BTE7	ORF38	Cytoplasmic envelopment protein 3
E5LBT9/Q9UIL1	HHV8	E5LBT9	Q9UIL1	orf17	Capsid scaffolding protein
Q76S40/Q66LE6	HHV8	Q76S40	Q66LE6	ORF2	dihydrofolate reductase
Q76S40/Q96C92	HHV8	Q76S40	Q96C92	ORF2	dihydrofolate reductase
Q76S40/Q9H5V9	HHV8	Q76S40	Q9H5V9	ORF2	dihydrofolate reductase
Q76RH3/Q96MW5	HHV8	Q76RH3	Q96MW5	ORF38	Cytoplasmic envelopment protein 3
Q76RF7/Q96PD5	HHV8	Q76RF7	Q96PD5	ORF60	ribonucleoside-diphosphate reductase
F5HBQ9/O00330	HHV8	F5HBQ9	O00330	ORF70	Thymidylate synthase
F5HBQ9/P36957	HHV8	F5HBQ9	P36957	ORF70	Thymidylate synthase
F5HBQ9/Q4G0N4	HHV8	F5HBQ9	Q4G0N4	ORF70	Thymidylate synthase
F5HBQ9/Q9Y2Z0	HHV8	F5HBQ9	Q9Y2Z0	ORF70	Thymidylate synthase
Q76S40/O60678	HHV8	Q76S40	O60678	ORF2	dihydrofolate reductase
Q76RF7/Q9H4P4	HHV8	Q76RF7	Q9H4P4	ORF60	ribonucleoside-diphosphate reductase
F5HBQ9/P08559	HHV8	F5HBQ9	P08559	ORF70	Thymidylate synthase
E5LBT9/O60684	HHV8	E5LBT9	O60684	orf17	Capsid scaffolding protein
E5LBT9/Q9NZC7	HHV8	E5LBT9	Q9NZC7	orf17	Capsid scaffolding protein
F5HBQ9/O94826	HHV8	F5HBQ9	O94826	ORF70	Thymidylate synthase
F5HBQ9/P10515	HHV8	F5HBQ9	P10515	ORF70	Thymidylate synthase
E5LBT9/P52294	HHV8	E5LBT9	P52294	orf17	Capsid scaffolding protein
Q76S40/P63151	HHV8	Q76S40	P63151	ORF2	dihydrofolate reductase
Q76RH3/Q15172	HHV8	Q76RH3	Q15172	ORF38	Cytoplasmic envelopment protein 3
F5HBQ9/Q02218	HHV8	F5HBQ9	Q02218	ORF70	Thymidylate synthase
Q76S40/Q13162	HHV8	Q76S40	Q13162	ORF2	dihydrofolate reductase
Q76S40/P22234	HHV8	Q76S40	P22234	ORF2	dihydrofolate reductase
Q76RH3/Q7L1Q6	HHV8	Q76RH3	Q7L1Q6	ORF38	Cytoplasmic envelopment protein 3
F5HBQ9/P04818	HHV8	F5HBQ9	P04818	ORF70	Thymidylate synthase
Q76S40/Q07666	HHV8	Q76S40	Q07666	ORF2	dihydrofolate reductase
Q76RH3/P50897	HHV8	Q76RH3	P50897	ORF38	Cytoplasmic envelopment protein 3
